{
"meta":{"test_sets":[],"test_metrics":[],"learn_metrics":[{"best_value":"Min","name":"MultiClass"}],"launch_mode":"Train","parameters":"","iteration_count":1000,"learn_sets":["learn"],"name":"experiment"},
"iterations":[
{"learn":[0.354395507],"iteration":0,"passed_time":0.1229531445,"remaining_time":122.8301914},
{"learn":[0.196090015],"iteration":1,"passed_time":0.1847013193,"remaining_time":92.16595833},
{"learn":[0.09366259651],"iteration":2,"passed_time":0.2374028035,"remaining_time":78.89686503},
{"learn":[0.04524750707],"iteration":3,"passed_time":0.2893368913,"remaining_time":72.04488592},
{"learn":[0.03245120724],"iteration":4,"passed_time":0.3405623377,"remaining_time":67.77190521},
{"learn":[0.01741936846],"iteration":5,"passed_time":0.3935175409,"remaining_time":65.19273928},
{"learn":[0.01508722917],"iteration":6,"passed_time":0.4462799701,"remaining_time":63.30800147},
{"learn":[0.009751673195],"iteration":7,"passed_time":0.4996747368,"remaining_time":61.95966737},
{"learn":[0.00724722034],"iteration":8,"passed_time":0.5545203734,"remaining_time":61.05885445},
{"learn":[0.004723892105],"iteration":9,"passed_time":0.6089757623,"remaining_time":60.28860047},
{"learn":[0.003907455367],"iteration":10,"passed_time":0.6593570287,"remaining_time":59.28219104},
{"learn":[0.003254518259],"iteration":11,"passed_time":0.7119910685,"remaining_time":58.62059797},
{"learn":[0.002616203506],"iteration":12,"passed_time":0.7665940552,"remaining_time":58.20217942},
{"learn":[0.002231012125],"iteration":13,"passed_time":0.8253982838,"remaining_time":58.13162199},
{"learn":[0.00185840083],"iteration":14,"passed_time":0.8804034872,"remaining_time":57.81316232},
{"learn":[0.001615745892],"iteration":15,"passed_time":0.9345014457,"remaining_time":57.47183891},
{"learn":[0.001339997472],"iteration":16,"passed_time":0.9926416493,"remaining_time":57.39804361},
{"learn":[0.001010898492],"iteration":17,"passed_time":1.048122523,"remaining_time":57.18090655},
{"learn":[0.0007970174104],"iteration":18,"passed_time":1.10441013,"remaining_time":57.02243884},
{"learn":[0.0007069739251],"iteration":19,"passed_time":1.157349235,"remaining_time":56.71011251},
{"learn":[0.0006058494498],"iteration":20,"passed_time":1.214424437,"remaining_time":56.61531065},
{"learn":[0.0005277530164],"iteration":21,"passed_time":1.265589048,"remaining_time":56.26118587},
{"learn":[0.0004364810577],"iteration":22,"passed_time":1.319235594,"remaining_time":56.03883372},
{"learn":[0.0004207755574],"iteration":23,"passed_time":1.376003692,"remaining_time":55.95748346},
{"learn":[0.0003758890774],"iteration":24,"passed_time":1.424622414,"remaining_time":55.56027414},
{"learn":[0.0003470551451],"iteration":25,"passed_time":1.476709099,"remaining_time":55.31979471},
{"learn":[0.0003279418652],"iteration":26,"passed_time":1.528502718,"remaining_time":55.08270908},
{"learn":[0.0002878428488],"iteration":27,"passed_time":1.582246396,"remaining_time":54.92655347},
{"learn":[0.000275349318],"iteration":28,"passed_time":1.634024917,"remaining_time":54.71166188},
{"learn":[0.0002582882096],"iteration":29,"passed_time":1.684372036,"remaining_time":54.4613625},
{"learn":[0.0002390563661],"iteration":30,"passed_time":1.734770321,"remaining_time":54.22556262},
{"learn":[0.0002202350665],"iteration":31,"passed_time":1.786105809,"remaining_time":54.02970071},
{"learn":[0.0002073097193],"iteration":32,"passed_time":1.839341748,"remaining_time":53.89828699},
{"learn":[0.0001952268813],"iteration":33,"passed_time":1.890305167,"remaining_time":53.70690562},
{"learn":[0.0001891974954],"iteration":34,"passed_time":1.9363749,"remaining_time":53.38862225},
{"learn":[0.0001781734603],"iteration":35,"passed_time":1.988751801,"remaining_time":53.25435379},
{"learn":[0.0001741079156],"iteration":36,"passed_time":2.040608875,"remaining_time":53.11098235},
{"learn":[0.0001551683128],"iteration":37,"passed_time":2.092897964,"remaining_time":52.98336424},
{"learn":[0.000144084474],"iteration":38,"passed_time":2.144024818,"remaining_time":52.83097053},
{"learn":[0.0001413286987],"iteration":39,"passed_time":2.193849061,"remaining_time":52.65237746},
{"learn":[0.0001362109501],"iteration":40,"passed_time":2.24528971,"remaining_time":52.51787394},
{"learn":[0.0001338404872],"iteration":41,"passed_time":2.293550302,"remaining_time":52.31479022},
{"learn":[0.0001298441109],"iteration":42,"passed_time":2.345101841,"remaining_time":52.19215028},
{"learn":[0.0001273849417],"iteration":43,"passed_time":2.396865343,"remaining_time":52.077347},
{"learn":[0.0001195253155],"iteration":44,"passed_time":2.448725247,"remaining_time":51.96739135},
{"learn":[0.0001153117634],"iteration":45,"passed_time":2.500216281,"remaining_time":51.85231158},
{"learn":[0.0001144627105],"iteration":46,"passed_time":2.554037513,"remaining_time":51.78718617},
{"learn":[0.0001098632801],"iteration":47,"passed_time":2.607079419,"remaining_time":51.70707514},
{"learn":[0.000106284073],"iteration":48,"passed_time":2.663702478,"remaining_time":51.69757259},
{"learn":[0.0001046238432],"iteration":49,"passed_time":2.714467613,"remaining_time":51.57488464},
{"learn":[9.61709046e-05],"iteration":50,"passed_time":2.765782192,"remaining_time":51.46524118},
{"learn":[9.153247905e-05],"iteration":51,"passed_time":2.819487543,"remaining_time":51.40142675},
{"learn":[9.024759995e-05],"iteration":52,"passed_time":2.873154097,"remaining_time":51.33730057},
{"learn":[8.683475908e-05],"iteration":53,"passed_time":2.923974617,"remaining_time":51.22370348},
{"learn":[8.539437787e-05],"iteration":54,"passed_time":2.973381994,"remaining_time":51.08810881},
{"learn":[8.269107019e-05],"iteration":55,"passed_time":3.023297789,"remaining_time":50.96416273},
{"learn":[7.845876055e-05],"iteration":56,"passed_time":3.074441203,"remaining_time":50.86312375},
{"learn":[7.807829165e-05],"iteration":57,"passed_time":3.124897393,"remaining_time":50.75264386},
{"learn":[7.44148277e-05],"iteration":58,"passed_time":3.176898885,"remaining_time":50.66884493},
{"learn":[7.195979588e-05],"iteration":59,"passed_time":3.227453817,"remaining_time":50.56344313},
{"learn":[6.997953995e-05],"iteration":60,"passed_time":3.278866228,"remaining_time":50.47303915},
{"learn":[6.83787781e-05],"iteration":61,"passed_time":3.330077586,"remaining_time":50.38085121},
{"learn":[6.727865366e-05],"iteration":62,"passed_time":3.384132758,"remaining_time":50.33226022},
{"learn":[6.561076455e-05],"iteration":63,"passed_time":3.435973263,"remaining_time":50.25110897},
{"learn":[6.476358054e-05],"iteration":64,"passed_time":3.487993464,"remaining_time":50.17344444},
{"learn":[6.281002463e-05],"iteration":65,"passed_time":3.540317639,"remaining_time":50.10085871},
{"learn":[6.109389212e-05],"iteration":66,"passed_time":3.595447752,"remaining_time":50.06795154},
{"learn":[5.857409506e-05],"iteration":67,"passed_time":3.649715227,"remaining_time":50.02256752},
{"learn":[5.638274527e-05],"iteration":68,"passed_time":3.700447254,"remaining_time":49.92922309},
{"learn":[5.494921635e-05],"iteration":69,"passed_time":3.749191016,"remaining_time":49.81068064},
{"learn":[5.448874438e-05],"iteration":70,"passed_time":3.802539547,"remaining_time":49.75435548},
{"learn":[5.335692198e-05],"iteration":71,"passed_time":3.854080397,"remaining_time":49.67481401},
{"learn":[5.106065414e-05],"iteration":72,"passed_time":3.905977378,"remaining_time":49.60056205},
{"learn":[5.013618831e-05],"iteration":73,"passed_time":3.958278245,"remaining_time":49.53196831},
{"learn":[4.916863754e-05],"iteration":74,"passed_time":4.010065145,"remaining_time":49.45747012},
{"learn":[4.798213418e-05],"iteration":75,"passed_time":4.06276377,"remaining_time":49.39465425},
{"learn":[4.719301626e-05],"iteration":76,"passed_time":4.114371644,"remaining_time":49.31902634},
{"learn":[4.635957008e-05],"iteration":77,"passed_time":4.167029752,"remaining_time":49.25642861},
{"learn":[4.56668822e-05],"iteration":78,"passed_time":4.217448326,"remaining_time":49.16797352},
{"learn":[4.525642325e-05],"iteration":79,"passed_time":4.266363473,"remaining_time":49.06317994},
{"learn":[4.285933733e-05],"iteration":80,"passed_time":4.3174632,"remaining_time":48.98455162},
{"learn":[4.249119917e-05],"iteration":81,"passed_time":4.371773951,"remaining_time":48.94254253},
{"learn":[4.215037484e-05],"iteration":82,"passed_time":4.428116094,"remaining_time":48.92268022},
{"learn":[4.15116837e-05],"iteration":83,"passed_time":4.482591371,"remaining_time":48.88159162},
{"learn":[4.125328975e-05],"iteration":84,"passed_time":4.531459063,"remaining_time":48.77982403},
{"learn":[4.003380728e-05],"iteration":85,"passed_time":4.586153522,"remaining_time":48.74121301},
{"learn":[3.970743786e-05],"iteration":86,"passed_time":4.641621527,"remaining_time":48.71035005},
{"learn":[3.85419798e-05],"iteration":87,"passed_time":4.696217584,"remaining_time":48.66989133},
{"learn":[3.78040814e-05],"iteration":88,"passed_time":4.753443044,"remaining_time":48.65602936},
{"learn":[3.714365106e-05],"iteration":89,"passed_time":4.810848458,"remaining_time":48.6430233},
{"learn":[3.677737373e-05],"iteration":90,"passed_time":4.868312118,"remaining_time":48.62962324},
{"learn":[3.617424126e-05],"iteration":91,"passed_time":4.922171116,"remaining_time":48.57968884},
{"learn":[3.558261316e-05],"iteration":92,"passed_time":4.977543519,"remaining_time":48.5444298},
{"learn":[3.467549285e-05],"iteration":93,"passed_time":5.036616715,"remaining_time":48.54441217},
{"learn":[3.428998982e-05],"iteration":94,"passed_time":5.089535472,"remaining_time":48.48452212},
{"learn":[3.4083456e-05],"iteration":95,"passed_time":5.140301556,"remaining_time":48.40450632},
{"learn":[3.346273566e-05],"iteration":96,"passed_time":5.193344612,"remaining_time":48.34629056},
{"learn":[3.244530838e-05],"iteration":97,"passed_time":5.246414066,"remaining_time":48.28842334},
{"learn":[3.210846892e-05],"iteration":98,"passed_time":5.298041929,"remaining_time":48.21753311},
{"learn":[3.147181048e-05],"iteration":99,"passed_time":5.34909565,"remaining_time":48.14186085},
{"learn":[3.072866358e-05],"iteration":100,"passed_time":5.40485554,"remaining_time":48.10856565},
{"learn":[3.012379031e-05],"iteration":101,"passed_time":5.461165556,"remaining_time":48.07967323},
{"learn":[2.954202055e-05],"iteration":102,"passed_time":5.511911032,"remaining_time":48.00178831},
{"learn":[2.936917524e-05],"iteration":103,"passed_time":5.558836255,"remaining_time":47.89151235},
{"learn":[2.910336076e-05],"iteration":104,"passed_time":5.616666684,"remaining_time":47.87539697},
{"learn":[2.855801663e-05],"iteration":105,"passed_time":5.666971467,"remaining_time":47.7950235},
{"learn":[2.840948048e-05],"iteration":106,"passed_time":5.713492503,"remaining_time":47.68363369},
{"learn":[2.816208886e-05],"iteration":107,"passed_time":5.765011095,"remaining_time":47.61472127},
{"learn":[2.802417068e-05],"iteration":108,"passed_time":5.814968797,"remaining_time":47.53336879},
{"learn":[2.755112118e-05],"iteration":109,"passed_time":5.867659462,"remaining_time":47.47469928},
{"learn":[2.712941309e-05],"iteration":110,"passed_time":5.91885731,"remaining_time":47.40418152},
{"learn":[2.693057393e-05],"iteration":111,"passed_time":5.97040735,"remaining_time":47.33680113},
{"learn":[2.64466775e-05],"iteration":112,"passed_time":6.023841974,"remaining_time":47.28449408},
{"learn":[2.625082324e-05],"iteration":113,"passed_time":6.078260295,"remaining_time":47.23981247},
{"learn":[2.60390301e-05],"iteration":114,"passed_time":6.137763826,"remaining_time":47.23409553},
{"learn":[2.593146338e-05],"iteration":115,"passed_time":6.195486764,"remaining_time":47.21388189},
{"learn":[2.552221686e-05],"iteration":116,"passed_time":6.256077255,"remaining_time":47.21466851},
{"learn":[2.517154016e-05],"iteration":117,"passed_time":6.313629187,"remaining_time":47.19170291},
{"learn":[2.495394601e-05],"iteration":118,"passed_time":6.377503416,"remaining_time":47.21496227},
{"learn":[2.453868773e-05],"iteration":119,"passed_time":6.44638083,"remaining_time":47.27345942},
{"learn":[2.431690678e-05],"iteration":120,"passed_time":6.500370628,"remaining_time":47.22170068},
{"learn":[2.411387113e-05],"iteration":121,"passed_time":6.550978105,"remaining_time":47.14556374},
{"learn":[2.382276873e-05],"iteration":122,"passed_time":6.603728496,"remaining_time":47.08512106},
{"learn":[2.350425006e-05],"iteration":123,"passed_time":6.653083707,"remaining_time":47.00081716},
{"learn":[2.333347082e-05],"iteration":124,"passed_time":6.704698751,"remaining_time":46.93289126},
{"learn":[2.317156006e-05],"iteration":125,"passed_time":6.757334961,"remaining_time":46.87230759},
{"learn":[2.297474138e-05],"iteration":126,"passed_time":6.811361295,"remaining_time":46.82140481},
{"learn":[2.279617844e-05],"iteration":127,"passed_time":6.859128768,"remaining_time":46.72781473},
{"learn":[2.258539756e-05],"iteration":128,"passed_time":6.910506412,"remaining_time":46.65931074},
{"learn":[2.219714765e-05],"iteration":129,"passed_time":6.964738809,"remaining_time":46.61017511},
{"learn":[2.206243742e-05],"iteration":130,"passed_time":7.025527454,"remaining_time":46.60445311},
{"learn":[2.174724365e-05],"iteration":131,"passed_time":7.080448714,"remaining_time":46.55931427},
{"learn":[2.15790921e-05],"iteration":132,"passed_time":7.139276971,"remaining_time":46.53949724},
{"learn":[2.124150264e-05],"iteration":133,"passed_time":7.199700415,"remaining_time":46.52940716},
{"learn":[2.095841334e-05],"iteration":134,"passed_time":7.255269972,"remaining_time":46.48747056},
{"learn":[2.088702622e-05],"iteration":135,"passed_time":7.305224513,"remaining_time":46.40966162},
{"learn":[2.067163993e-05],"iteration":136,"passed_time":7.362331063,"remaining_time":46.37731173},
{"learn":[2.051726778e-05],"iteration":137,"passed_time":7.418454593,"remaining_time":46.33846275},
{"learn":[2.019135304e-05],"iteration":138,"passed_time":7.470940126,"remaining_time":46.27683056},
{"learn":[2.005126758e-05],"iteration":139,"passed_time":7.524636707,"remaining_time":46.22276834},
{"learn":[1.980498514e-05],"iteration":140,"passed_time":7.582571898,"remaining_time":46.19453376},
{"learn":[1.96720431e-05],"iteration":141,"passed_time":7.637411005,"remaining_time":46.14717354},
{"learn":[1.952058335e-05],"iteration":142,"passed_time":7.693646556,"remaining_time":46.10807761},
{"learn":[1.945679726e-05],"iteration":143,"passed_time":7.747153364,"remaining_time":46.05252277},
{"learn":[1.939493657e-05],"iteration":144,"passed_time":7.797238455,"remaining_time":45.97681985},
{"learn":[1.91545077e-05],"iteration":145,"passed_time":7.848034507,"remaining_time":45.9056265},
{"learn":[1.904459279e-05],"iteration":146,"passed_time":7.900593913,"remaining_time":45.84494291},
{"learn":[1.894961438e-05],"iteration":147,"passed_time":7.953696384,"remaining_time":45.7874954},
{"learn":[1.885937941e-05],"iteration":148,"passed_time":8.005790828,"remaining_time":45.72434896},
{"learn":[1.877343642e-05],"iteration":149,"passed_time":8.059394278,"remaining_time":45.66990091},
{"learn":[1.863145165e-05],"iteration":150,"passed_time":8.117178341,"remaining_time":45.63896961},
{"learn":[1.857678042e-05],"iteration":151,"passed_time":8.17030173,"remaining_time":45.58168334},
{"learn":[1.852358143e-05],"iteration":152,"passed_time":8.228944822,"remaining_time":45.55500826},
{"learn":[1.844480674e-05],"iteration":153,"passed_time":8.285593879,"remaining_time":45.51696378},
{"learn":[1.827487124e-05],"iteration":154,"passed_time":8.339812588,"remaining_time":45.46542991},
{"learn":[1.812292634e-05],"iteration":155,"passed_time":8.395253435,"remaining_time":45.42047371},
{"learn":[1.794164208e-05],"iteration":156,"passed_time":8.450349121,"remaining_time":45.37353063},
{"learn":[1.777579928e-05],"iteration":157,"passed_time":8.50613453,"remaining_time":45.33015996},
{"learn":[1.772350497e-05],"iteration":158,"passed_time":8.557965826,"remaining_time":45.26571861},
{"learn":[1.761441948e-05],"iteration":159,"passed_time":8.609922292,"remaining_time":45.20209203},
{"learn":[1.749590864e-05],"iteration":160,"passed_time":8.661268228,"remaining_time":45.13542884},
{"learn":[1.738999137e-05],"iteration":161,"passed_time":8.71242819,"remaining_time":45.06799274},
{"learn":[1.728578132e-05],"iteration":162,"passed_time":8.762815896,"remaining_time":44.99679083},
{"learn":[1.719647839e-05],"iteration":163,"passed_time":8.813823711,"remaining_time":44.92900379},
{"learn":[1.712088032e-05],"iteration":164,"passed_time":8.866908833,"remaining_time":44.87193258},
{"learn":[1.696986994e-05],"iteration":165,"passed_time":8.920940547,"remaining_time":44.81966516},
{"learn":[1.673505858e-05],"iteration":166,"passed_time":8.97414036,"remaining_time":44.76322707},
{"learn":[1.660984434e-05],"iteration":167,"passed_time":9.030564746,"remaining_time":44.72279684},
{"learn":[1.640315609e-05],"iteration":168,"passed_time":9.091491279,"remaining_time":44.7043151},
{"learn":[1.628904757e-05],"iteration":169,"passed_time":9.14989744,"remaining_time":44.67302868},
{"learn":[1.622523237e-05],"iteration":170,"passed_time":9.211601789,"remaining_time":44.65741452},
{"learn":[1.612646343e-05],"iteration":171,"passed_time":9.270126491,"remaining_time":44.62595776},
{"learn":[1.593771078e-05],"iteration":172,"passed_time":9.325260563,"remaining_time":44.57797969},
{"learn":[1.572733782e-05],"iteration":173,"passed_time":9.38456754,"remaining_time":44.54972867},
{"learn":[1.56893579e-05],"iteration":174,"passed_time":9.437177072,"remaining_time":44.48954905},
{"learn":[1.560996893e-05],"iteration":175,"passed_time":9.490368206,"remaining_time":44.43217842},
{"learn":[1.555319439e-05],"iteration":176,"passed_time":9.546228348,"remaining_time":44.38726514},
{"learn":[1.537412324e-05],"iteration":177,"passed_time":9.605286566,"remaining_time":44.35699751},
{"learn":[1.532782991e-05],"iteration":178,"passed_time":9.6605186,"remaining_time":44.30885906},
{"learn":[1.526790018e-05],"iteration":179,"passed_time":9.713251022,"remaining_time":44.24925466},
{"learn":[1.5147104e-05],"iteration":180,"passed_time":9.767644316,"remaining_time":44.19724141},
{"learn":[1.507111948e-05],"iteration":181,"passed_time":9.819223743,"remaining_time":44.13255507},
{"learn":[1.500317837e-05],"iteration":182,"passed_time":9.872006141,"remaining_time":44.07338261},
{"learn":[1.491514594e-05],"iteration":183,"passed_time":9.924107325,"remaining_time":44.01125857},
{"learn":[1.475858375e-05],"iteration":184,"passed_time":9.978064745,"remaining_time":43.95742036},
{"learn":[1.470789611e-05],"iteration":185,"passed_time":10.02983503,"remaining_time":43.8940092},
{"learn":[1.459773518e-05],"iteration":186,"passed_time":10.08330371,"remaining_time":43.83810649},
{"learn":[1.450320506e-05],"iteration":187,"passed_time":10.13735633,"remaining_time":43.7847518},
{"learn":[1.439903378e-05],"iteration":188,"passed_time":10.19453768,"remaining_time":43.74481513},
{"learn":[1.432401834e-05],"iteration":189,"passed_time":10.24719836,"remaining_time":43.68542459},
{"learn":[1.427350419e-05],"iteration":190,"passed_time":10.30034352,"remaining_time":43.62815657},
{"learn":[1.418099068e-05],"iteration":191,"passed_time":10.35263579,"remaining_time":43.56734226},
{"learn":[1.409441433e-05],"iteration":192,"passed_time":10.40501541,"remaining_time":43.50698152},
{"learn":[1.399574323e-05],"iteration":193,"passed_time":10.45785016,"remaining_time":43.44859396},
{"learn":[1.395533139e-05],"iteration":194,"passed_time":10.51099916,"remaining_time":43.39156062},
{"learn":[1.392208568e-05],"iteration":195,"passed_time":10.56027142,"remaining_time":43.31866442},
{"learn":[1.388958423e-05],"iteration":196,"passed_time":10.61356665,"remaining_time":43.26240619},
{"learn":[1.372590689e-05],"iteration":197,"passed_time":10.66425023,"remaining_time":43.19559942},
{"learn":[1.359108242e-05],"iteration":198,"passed_time":10.71940373,"remaining_time":43.14694668},
{"learn":[1.353352562e-05],"iteration":199,"passed_time":10.77161293,"remaining_time":43.08645171},
{"learn":[1.350236482e-05],"iteration":200,"passed_time":10.81891457,"remaining_time":43.00653105},
{"learn":[1.346517574e-05],"iteration":201,"passed_time":10.87275905,"remaining_time":42.95278079},
{"learn":[1.343499122e-05],"iteration":202,"passed_time":10.92101123,"remaining_time":42.87707365},
{"learn":[1.331953476e-05],"iteration":203,"passed_time":10.98050724,"remaining_time":42.84550865},
{"learn":[1.313610478e-05],"iteration":204,"passed_time":11.02828148,"remaining_time":42.76821356},
{"learn":[1.309568799e-05],"iteration":205,"passed_time":11.08340699,"remaining_time":42.71953956},
{"learn":[1.303772169e-05],"iteration":206,"passed_time":11.1379298,"remaining_time":42.66849436},
{"learn":[1.293056024e-05],"iteration":207,"passed_time":11.18938349,"remaining_time":42.60572944},
{"learn":[1.28960336e-05],"iteration":208,"passed_time":11.24088993,"remaining_time":42.54327242},
{"learn":[1.283488758e-05],"iteration":209,"passed_time":11.29079944,"remaining_time":42.47491217},
{"learn":[1.261094503e-05],"iteration":210,"passed_time":11.3417316,"remaining_time":42.41055086},
{"learn":[1.253604772e-05],"iteration":211,"passed_time":11.39426687,"remaining_time":42.35227496},
{"learn":[1.247773144e-05],"iteration":212,"passed_time":11.44974325,"remaining_time":42.3049199},
{"learn":[1.243720765e-05],"iteration":213,"passed_time":11.50273232,"remaining_time":42.24835329},
{"learn":[1.236776242e-05],"iteration":214,"passed_time":11.55961689,"remaining_time":42.20604306},
{"learn":[1.232062513e-05],"iteration":215,"passed_time":11.61280198,"remaining_time":42.15017016},
{"learn":[1.225430803e-05],"iteration":216,"passed_time":11.66553972,"remaining_time":42.09270785},
{"learn":[1.222678314e-05],"iteration":217,"passed_time":11.7204313,"remaining_time":42.04301502},
{"learn":[1.215944056e-05],"iteration":218,"passed_time":11.77128276,"remaining_time":41.97886684},
{"learn":[1.210961416e-05],"iteration":219,"passed_time":11.82480738,"remaining_time":41.92431708},
{"learn":[1.200445197e-05],"iteration":220,"passed_time":11.87679494,"remaining_time":41.86435865},
{"learn":[1.197948626e-05],"iteration":221,"passed_time":11.92636421,"remaining_time":41.79599709},
{"learn":[1.194598486e-05],"iteration":222,"passed_time":11.98066263,"remaining_time":41.7442819},
{"learn":[1.187144816e-05],"iteration":223,"passed_time":12.03488176,"remaining_time":41.69226895},
{"learn":[1.183876253e-05],"iteration":224,"passed_time":12.08994187,"remaining_time":41.6431331},
{"learn":[1.178603061e-05],"iteration":225,"passed_time":12.14191558,"remaining_time":41.5833746},
{"learn":[1.168497148e-05],"iteration":226,"passed_time":12.19472601,"remaining_time":41.52653393},
{"learn":[1.165113619e-05],"iteration":227,"passed_time":12.24650449,"remaining_time":41.46623449},
{"learn":[1.155713566e-05],"iteration":228,"passed_time":12.2997264,"remaining_time":41.41086923},
{"learn":[1.151625031e-05],"iteration":229,"passed_time":12.35280899,"remaining_time":41.35505619},
{"learn":[1.147654196e-05],"iteration":230,"passed_time":12.40560828,"remaining_time":41.29832366},
{"learn":[1.145255844e-05],"iteration":231,"passed_time":12.45511121,"remaining_time":41.23071296},
{"learn":[1.142546816e-05],"iteration":232,"passed_time":12.50993382,"remaining_time":41.18076928},
{"learn":[1.137645651e-05],"iteration":233,"passed_time":12.56227215,"remaining_time":41.12265156},
{"learn":[1.133126934e-05],"iteration":234,"passed_time":12.61505729,"remaining_time":41.06603755},
{"learn":[1.130633301e-05],"iteration":235,"passed_time":12.66632951,"remaining_time":41.00455824},
{"learn":[1.126729789e-05],"iteration":236,"passed_time":12.71933329,"remaining_time":40.94873966},
{"learn":[1.124423919e-05],"iteration":237,"passed_time":12.77189048,"remaining_time":40.89151491},
{"learn":[1.122162799e-05],"iteration":238,"passed_time":12.82478765,"remaining_time":40.83541173},
{"learn":[1.117916779e-05],"iteration":239,"passed_time":12.88005537,"remaining_time":40.78684202},
{"learn":[1.112198712e-05],"iteration":240,"passed_time":12.9317333,"remaining_time":40.72691111},
{"learn":[1.106686932e-05],"iteration":241,"passed_time":12.98450527,"remaining_time":40.67047519},
{"learn":[1.098023376e-05],"iteration":242,"passed_time":13.03720123,"remaining_time":40.61383262},
{"learn":[1.088998716e-05],"iteration":243,"passed_time":13.0914726,"remaining_time":40.56210363},
{"learn":[1.085947794e-05],"iteration":244,"passed_time":13.14622528,"remaining_time":40.5118371},
{"learn":[1.080298279e-05],"iteration":245,"passed_time":13.19868081,"remaining_time":40.45449321},
{"learn":[1.072226487e-05],"iteration":246,"passed_time":13.24950679,"remaining_time":40.3922211},
{"learn":[1.064573696e-05],"iteration":247,"passed_time":13.29947144,"remaining_time":40.32742952},
{"learn":[1.057475246e-05],"iteration":248,"passed_time":13.34953654,"remaining_time":40.26306001},
{"learn":[1.047619957e-05],"iteration":249,"passed_time":13.4010351,"remaining_time":40.20310529},
{"learn":[1.045506713e-05],"iteration":250,"passed_time":13.4497418,"remaining_time":40.13488689},
{"learn":[1.043434719e-05],"iteration":251,"passed_time":13.49903965,"remaining_time":40.068578},
{"learn":[1.041402248e-05],"iteration":252,"passed_time":13.54988462,"remaining_time":40.0069716},
{"learn":[1.038499921e-05],"iteration":253,"passed_time":13.60702419,"remaining_time":39.96393719},
{"learn":[1.036535486e-05],"iteration":254,"passed_time":13.65773067,"remaining_time":39.90199745},
{"learn":[1.034605439e-05],"iteration":255,"passed_time":13.70826316,"remaining_time":39.83963982},
{"learn":[1.027327708e-05],"iteration":256,"passed_time":13.75971411,"remaining_time":39.78002951},
{"learn":[1.025450938e-05],"iteration":257,"passed_time":13.81050866,"remaining_time":39.71859469},
{"learn":[1.022328452e-05],"iteration":258,"passed_time":13.86147635,"remaining_time":39.65773736},
{"learn":[1.020501397e-05],"iteration":259,"passed_time":13.91024759,"remaining_time":39.59070468},
{"learn":[1.018853224e-05],"iteration":260,"passed_time":13.96305929,"remaining_time":39.53525216},
{"learn":[1.016204447e-05],"iteration":261,"passed_time":14.0168078,"remaining_time":39.48245862},
{"learn":[1.013694645e-05],"iteration":262,"passed_time":14.06847952,"remaining_time":39.42383806},
{"learn":[1.003141308e-05],"iteration":263,"passed_time":14.12060438,"remaining_time":39.36653341},
{"learn":[1.001413247e-05],"iteration":264,"passed_time":14.16993455,"remaining_time":39.30151658},
{"learn":[9.947124768e-06],"iteration":265,"passed_time":14.22405825,"remaining_time":39.24984493},
{"learn":[9.92305209e-06],"iteration":266,"passed_time":14.27595865,"remaining_time":39.19205126},
{"learn":[9.900135613e-06],"iteration":267,"passed_time":14.3270083,"remaining_time":39.13197789},
{"learn":[9.810071635e-06],"iteration":268,"passed_time":14.3780343,"remaining_time":39.07190734},
{"learn":[9.781684366e-06],"iteration":269,"passed_time":14.4296608,"remaining_time":39.01352736},
{"learn":[9.713146763e-06],"iteration":270,"passed_time":14.48411384,"remaining_time":38.96280071},
{"learn":[9.685914391e-06],"iteration":271,"passed_time":14.53442764,"remaining_time":38.90096811},
{"learn":[9.632011196e-06],"iteration":272,"passed_time":14.5862354,"remaining_time":38.84319831},
{"learn":[9.596531347e-06],"iteration":273,"passed_time":14.63719868,"remaining_time":38.78323446},
{"learn":[9.549315749e-06],"iteration":274,"passed_time":14.68801153,"remaining_time":38.72293949},
{"learn":[9.519077322e-06],"iteration":275,"passed_time":14.73953036,"remaining_time":38.66456516},
{"learn":[9.495576968e-06],"iteration":276,"passed_time":14.79176275,"remaining_time":38.60810277},
{"learn":[9.475576684e-06],"iteration":277,"passed_time":14.84437083,"remaining_time":38.55264654},
{"learn":[9.359012526e-06],"iteration":278,"passed_time":14.8972929,"remaining_time":38.49802217},
{"learn":[9.340617853e-06],"iteration":279,"passed_time":14.94903657,"remaining_time":38.44037975},
{"learn":[9.315276867e-06],"iteration":280,"passed_time":15.00092729,"remaining_time":38.38315559},
{"learn":[9.299364695e-06],"iteration":281,"passed_time":15.04844814,"remaining_time":38.31484314},
{"learn":[9.28370565e-06],"iteration":282,"passed_time":15.09739043,"remaining_time":38.25027893},
{"learn":[9.243919029e-06],"iteration":283,"passed_time":15.15645948,"remaining_time":38.21135558},
{"learn":[9.225497013e-06],"iteration":284,"passed_time":15.21416547,"remaining_time":38.16887128},
{"learn":[9.215128999e-06],"iteration":285,"passed_time":15.2654775,"remaining_time":38.11031797},
{"learn":[9.199909351e-06],"iteration":286,"passed_time":15.31415883,"remaining_time":38.04527961},
{"learn":[9.156303227e-06],"iteration":287,"passed_time":15.3691726,"remaining_time":37.99601005},
{"learn":[9.141308258e-06],"iteration":288,"passed_time":15.42505604,"remaining_time":37.9488403},
{"learn":[9.113901927e-06],"iteration":289,"passed_time":15.48333258,"remaining_time":37.90746941},
{"learn":[9.084513691e-06],"iteration":290,"passed_time":15.5392703,"remaining_time":37.860284},
{"learn":[9.024089093e-06],"iteration":291,"passed_time":15.5965407,"remaining_time":37.81626991},
{"learn":[9.005681627e-06],"iteration":292,"passed_time":15.65317554,"remaining_time":37.77063176},
{"learn":[8.98503495e-06],"iteration":293,"passed_time":15.70625102,"remaining_time":37.7163715},
{"learn":[8.968046615e-06],"iteration":294,"passed_time":15.75938318,"remaining_time":37.66225472},
{"learn":[8.942312159e-06],"iteration":295,"passed_time":15.81479442,"remaining_time":37.6135651},
{"learn":[8.928370041e-06],"iteration":296,"passed_time":15.86327574,"remaining_time":37.54842709},
{"learn":[8.874933277e-06],"iteration":297,"passed_time":15.91723263,"remaining_time":37.49629969},
{"learn":[8.844994162e-06],"iteration":298,"passed_time":15.97190568,"remaining_time":37.44583908},
{"learn":[8.804784218e-06],"iteration":299,"passed_time":16.02778995,"remaining_time":37.39817656},
{"learn":[8.791018746e-06],"iteration":300,"passed_time":16.0765749,"remaining_time":37.33397295},
{"learn":[8.774917485e-06],"iteration":301,"passed_time":16.13049366,"remaining_time":37.28173699},
{"learn":[8.735931969e-06],"iteration":302,"passed_time":16.18413917,"remaining_time":37.2288614},
{"learn":[8.698519915e-06],"iteration":303,"passed_time":16.2429533,"remaining_time":37.18781413},
{"learn":[8.669754071e-06],"iteration":304,"passed_time":16.29951409,"remaining_time":37.14151572},
{"learn":[8.656202979e-06],"iteration":305,"passed_time":16.34973265,"remaining_time":37.08076622},
{"learn":[8.612235443e-06],"iteration":306,"passed_time":16.40583655,"remaining_time":37.03337045},
{"learn":[8.571360095e-06],"iteration":307,"passed_time":16.45787434,"remaining_time":36.9767826},
{"learn":[8.517169255e-06],"iteration":308,"passed_time":16.51003381,"remaining_time":36.92049633},
{"learn":[8.482982983e-06],"iteration":309,"passed_time":16.56399856,"remaining_time":36.86825487},
{"learn":[8.432267022e-06],"iteration":310,"passed_time":16.6203977,"remaining_time":36.82139555},
{"learn":[8.369134476e-06],"iteration":311,"passed_time":16.67186072,"remaining_time":36.7635903},
{"learn":[8.356079599e-06],"iteration":312,"passed_time":16.71880555,"remaining_time":36.69590867},
{"learn":[8.334071824e-06],"iteration":313,"passed_time":16.76911102,"remaining_time":36.63570115},
{"learn":[8.309413273e-06],"iteration":314,"passed_time":16.81936215,"remaining_time":36.57543833},
{"learn":[8.296794985e-06],"iteration":315,"passed_time":16.86903518,"remaining_time":36.51398753},
{"learn":[8.275648278e-06],"iteration":316,"passed_time":16.92471745,"remaining_time":36.46555842},
{"learn":[8.263252707e-06],"iteration":317,"passed_time":16.98012891,"remaining_time":36.41650289},
{"learn":[8.216470242e-06],"iteration":318,"passed_time":17.0330894,"remaining_time":36.36217519},
{"learn":[8.172488621e-06],"iteration":319,"passed_time":17.08985086,"remaining_time":36.31593308},
{"learn":[8.153468653e-06],"iteration":320,"passed_time":17.14866778,"remaining_time":36.27397328},
{"learn":[8.107746238e-06],"iteration":321,"passed_time":17.20519796,"remaining_time":36.22709384},
{"learn":[8.096877786e-06],"iteration":322,"passed_time":17.25814589,"remaining_time":36.17264634},
{"learn":[8.037832311e-06],"iteration":323,"passed_time":17.31386274,"remaining_time":36.12398521},
{"learn":[8.014534846e-06],"iteration":324,"passed_time":17.36547205,"remaining_time":36.06674964},
{"learn":[7.978928706e-06],"iteration":325,"passed_time":17.416678,"remaining_time":36.00871463},
{"learn":[7.956281205e-06],"iteration":326,"passed_time":17.46867808,"remaining_time":35.9523558},
{"learn":[7.901660247e-06],"iteration":327,"passed_time":17.51688953,"remaining_time":35.88826147},
{"learn":[7.869097449e-06],"iteration":328,"passed_time":17.56700451,"remaining_time":35.82814597},
{"learn":[7.800316057e-06],"iteration":329,"passed_time":17.61669625,"remaining_time":35.76723178},
{"learn":[7.78511477e-06],"iteration":330,"passed_time":17.66855271,"remaining_time":35.71076062},
{"learn":[7.770584124e-06],"iteration":331,"passed_time":17.72504353,"remaining_time":35.66364181},
{"learn":[7.727535564e-06],"iteration":332,"passed_time":17.78321889,"remaining_time":35.61984085},
{"learn":[7.713432276e-06],"iteration":333,"passed_time":17.83628497,"remaining_time":35.56576583},
{"learn":[7.702896725e-06],"iteration":334,"passed_time":17.88968184,"remaining_time":35.51235351},
{"learn":[7.638630693e-06],"iteration":335,"passed_time":17.94023645,"remaining_time":35.45332441},
{"learn":[7.628342037e-06],"iteration":336,"passed_time":17.99017556,"remaining_time":35.39313471},
{"learn":[7.609100043e-06],"iteration":337,"passed_time":18.04500412,"remaining_time":35.34258203},
{"learn":[7.594442747e-06],"iteration":338,"passed_time":18.09922595,"remaining_time":35.29082109},
{"learn":[7.575060157e-06],"iteration":339,"passed_time":18.15451761,"remaining_time":35.24112241},
{"learn":[7.556408958e-06],"iteration":340,"passed_time":18.20791782,"remaining_time":35.18773561},
{"learn":[7.509792175e-06],"iteration":341,"passed_time":18.25847782,"remaining_time":35.12888423},
{"learn":[7.474882245e-06],"iteration":342,"passed_time":18.31060043,"remaining_time":35.07307428},
{"learn":[7.445716404e-06],"iteration":343,"passed_time":18.36436299,"remaining_time":35.02041315},
{"learn":[7.427794835e-06],"iteration":344,"passed_time":18.42836285,"remaining_time":34.98718164},
{"learn":[7.413301804e-06],"iteration":345,"passed_time":18.48370652,"remaining_time":34.93741058},
{"learn":[7.366163654e-06],"iteration":346,"passed_time":18.54085749,"remaining_time":34.89100848},
{"learn":[7.323627159e-06],"iteration":347,"passed_time":18.5940142,"remaining_time":34.83706108},
{"learn":[7.296294043e-06],"iteration":348,"passed_time":18.64758291,"remaining_time":34.78388675},
{"learn":[7.28388841e-06],"iteration":349,"passed_time":18.70323512,"remaining_time":34.73457951},
{"learn":[7.26924132e-06],"iteration":350,"passed_time":18.76193536,"remaining_time":34.69087193},
{"learn":[7.247892385e-06],"iteration":351,"passed_time":18.82137879,"remaining_time":34.64844732},
{"learn":[7.230446483e-06],"iteration":352,"passed_time":18.87901147,"remaining_time":34.60260742},
{"learn":[7.219024071e-06],"iteration":353,"passed_time":18.93823684,"remaining_time":34.55960734},
{"learn":[7.212273277e-06],"iteration":354,"passed_time":18.99669474,"remaining_time":34.51512143},
{"learn":[7.19519193e-06],"iteration":355,"passed_time":19.05024717,"remaining_time":34.46168309},
{"learn":[7.159507436e-06],"iteration":356,"passed_time":19.10641128,"remaining_time":34.41294805},
{"learn":[7.144935991e-06],"iteration":357,"passed_time":19.15929439,"remaining_time":34.3582877},
{"learn":[7.124671149e-06],"iteration":358,"passed_time":19.21901397,"remaining_time":34.31584389},
{"learn":[7.105739492e-06],"iteration":359,"passed_time":19.27190701,"remaining_time":34.26116802},
{"learn":[7.074646764e-06],"iteration":360,"passed_time":19.32265079,"remaining_time":34.20269765},
{"learn":[7.063785543e-06],"iteration":361,"passed_time":19.37641522,"remaining_time":34.14959368},
{"learn":[7.057389252e-06],"iteration":362,"passed_time":19.46239079,"remaining_time":34.15301084},
{"learn":[7.048162741e-06],"iteration":363,"passed_time":19.51218846,"remaining_time":34.09272488},
{"learn":[7.04188026e-06],"iteration":364,"passed_time":19.56289499,"remaining_time":34.03407758},
{"learn":[7.03567412e-06],"iteration":365,"passed_time":19.61785975,"remaining_time":33.98284995},
{"learn":[7.01928752e-06],"iteration":366,"passed_time":19.67238455,"remaining_time":33.9308431},
{"learn":[7.008955587e-06],"iteration":367,"passed_time":19.72563609,"remaining_time":33.8766359},
{"learn":[7.000005744e-06],"iteration":368,"passed_time":19.77622599,"remaining_time":33.81788239},
{"learn":[6.964603721e-06],"iteration":369,"passed_time":19.83661553,"remaining_time":33.77585888},
{"learn":[6.952196146e-06],"iteration":370,"passed_time":19.88966393,"remaining_time":33.72129005},
{"learn":[6.923696785e-06],"iteration":371,"passed_time":19.94342756,"remaining_time":33.66793685},
{"learn":[6.917740552e-06],"iteration":372,"passed_time":19.99959892,"remaining_time":33.61862875},
{"learn":[6.89622464e-06],"iteration":373,"passed_time":20.05766357,"remaining_time":33.57245292},
{"learn":[6.884498352e-06],"iteration":374,"passed_time":20.11197449,"remaining_time":33.51995748},
{"learn":[6.858957039e-06],"iteration":375,"passed_time":20.1656081,"remaining_time":33.46632833},
{"learn":[6.819449232e-06],"iteration":376,"passed_time":20.21917751,"remaining_time":33.41259307},
{"learn":[6.804185642e-06],"iteration":377,"passed_time":20.27198653,"remaining_time":33.35760747},
{"learn":[6.789306583e-06],"iteration":378,"passed_time":20.32661017,"remaining_time":33.30560664},
{"learn":[6.740293003e-06],"iteration":379,"passed_time":20.37665281,"remaining_time":33.24611775},
{"learn":[6.703498916e-06],"iteration":380,"passed_time":20.43094747,"remaining_time":33.19358656},
{"learn":[6.668752006e-06],"iteration":381,"passed_time":20.48243579,"remaining_time":33.13650607},
{"learn":[6.635882371e-06],"iteration":382,"passed_time":20.53524036,"remaining_time":33.08157519},
{"learn":[6.621591933e-06],"iteration":383,"passed_time":20.58393608,"remaining_time":33.02006413},
{"learn":[6.608156329e-06],"iteration":384,"passed_time":20.6365507,"remaining_time":32.96487969},
{"learn":[6.600167565e-06],"iteration":385,"passed_time":20.68827942,"remaining_time":32.90829939},
{"learn":[6.567071194e-06],"iteration":386,"passed_time":20.74123231,"remaining_time":32.85368322},
{"learn":[6.537038651e-06],"iteration":387,"passed_time":20.79352763,"remaining_time":32.79803843},
{"learn":[6.529048023e-06],"iteration":388,"passed_time":20.84169489,"remaining_time":32.73592693},
{"learn":[6.518135713e-06],"iteration":389,"passed_time":20.89275036,"remaining_time":32.67840441},
{"learn":[6.489380616e-06],"iteration":390,"passed_time":20.94659197,"remaining_time":32.6252545},
{"learn":[6.441546187e-06],"iteration":391,"passed_time":20.99534973,"remaining_time":32.56421591},
{"learn":[6.39522487e-06],"iteration":392,"passed_time":21.04385507,"remaining_time":32.50284995},
{"learn":[6.385069975e-06],"iteration":393,"passed_time":21.0937141,"remaining_time":32.44363133},
{"learn":[6.375346044e-06],"iteration":394,"passed_time":21.14577824,"remaining_time":32.38783756},
{"learn":[6.362407914e-06],"iteration":395,"passed_time":21.20260623,"remaining_time":32.3393287},
{"learn":[6.353104893e-06],"iteration":396,"passed_time":21.25673204,"remaining_time":32.2866736},
{"learn":[6.344155742e-06],"iteration":397,"passed_time":21.31197237,"remaining_time":32.2356969},
{"learn":[6.333602499e-06],"iteration":398,"passed_time":21.36728087,"remaining_time":32.18480151},
{"learn":[6.32359858e-06],"iteration":399,"passed_time":21.42277177,"remaining_time":32.13415766},
{"learn":[6.31155399e-06],"iteration":400,"passed_time":21.48456748,"remaining_time":32.09290754},
{"learn":[6.306629376e-06],"iteration":401,"passed_time":21.5366541,"remaining_time":32.03711232},
{"learn":[6.275058289e-06],"iteration":402,"passed_time":21.58951281,"remaining_time":31.98247927},
{"learn":[6.246582441e-06],"iteration":403,"passed_time":21.64021576,"remaining_time":31.92467473},
{"learn":[6.2034032e-06],"iteration":404,"passed_time":21.6873705,"remaining_time":31.86169247},
{"learn":[6.191138186e-06],"iteration":405,"passed_time":21.74367061,"remaining_time":31.81216833},
{"learn":[6.182870184e-06],"iteration":406,"passed_time":21.80017157,"remaining_time":31.76290354},
{"learn":[6.170799719e-06],"iteration":407,"passed_time":21.85915667,"remaining_time":31.71720772},
{"learn":[6.152466518e-06],"iteration":408,"passed_time":21.91582431,"remaining_time":31.66809821},
{"learn":[6.126256967e-06],"iteration":409,"passed_time":21.96986504,"remaining_time":31.61517164},
{"learn":[6.119378021e-06],"iteration":410,"passed_time":22.02520468,"remaining_time":31.56410111},
{"learn":[6.096534898e-06],"iteration":411,"passed_time":22.07985369,"remaining_time":31.5120242},
{"learn":[6.079592727e-06],"iteration":412,"passed_time":22.13330525,"remaining_time":31.45823289},
{"learn":[6.067827246e-06],"iteration":413,"passed_time":22.19035752,"remaining_time":31.40953986},
{"learn":[6.057730895e-06],"iteration":414,"passed_time":22.251812,"remaining_time":31.3670121},
{"learn":[6.037377097e-06],"iteration":415,"passed_time":22.30571218,"remaining_time":31.31378825},
{"learn":[6.007453706e-06],"iteration":416,"passed_time":22.35938433,"remaining_time":31.26024237},
{"learn":[5.999751474e-06],"iteration":417,"passed_time":22.41143873,"remaining_time":31.2044434},
{"learn":[5.995160896e-06],"iteration":418,"passed_time":22.46611924,"remaining_time":31.15230377},
{"learn":[5.990623453e-06],"iteration":419,"passed_time":22.52106057,"remaining_time":31.10051222},
{"learn":[5.979223033e-06],"iteration":420,"passed_time":22.57863011,"remaining_time":31.05232027},
{"learn":[5.968466334e-06],"iteration":421,"passed_time":22.63242542,"remaining_time":30.99891444},
{"learn":[5.954637953e-06],"iteration":422,"passed_time":22.68534994,"remaining_time":30.94431895},
{"learn":[5.944248338e-06],"iteration":423,"passed_time":22.73859571,"remaining_time":30.89016776},
{"learn":[5.917395348e-06],"iteration":424,"passed_time":22.79232668,"remaining_time":30.83667727},
{"learn":[5.909927853e-06],"iteration":425,"passed_time":22.84599638,"remaining_time":30.78310311},
{"learn":[5.886422201e-06],"iteration":426,"passed_time":22.90042736,"remaining_time":30.73055007},
{"learn":[5.880284721e-06],"iteration":427,"passed_time":22.9534268,"remaining_time":30.67607507},
{"learn":[5.875937071e-06],"iteration":428,"passed_time":23.01178848,"remaining_time":30.6287441},
{"learn":[5.871636707e-06],"iteration":429,"passed_time":23.07019131,"remaining_time":30.58141639},
{"learn":[5.86291975e-06],"iteration":430,"passed_time":23.12562569,"remaining_time":30.53011837},
{"learn":[5.840452441e-06],"iteration":431,"passed_time":23.17976217,"remaining_time":30.47709471},
{"learn":[5.836255872e-06],"iteration":432,"passed_time":23.23352096,"remaining_time":30.42357133},
{"learn":[5.814708499e-06],"iteration":433,"passed_time":23.28516774,"remaining_time":30.36729249},
{"learn":[5.795715548e-06],"iteration":434,"passed_time":23.33760049,"remaining_time":30.31205581},
{"learn":[5.784897069e-06],"iteration":435,"passed_time":23.39061857,"remaining_time":30.25758915},
{"learn":[5.764739699e-06],"iteration":436,"passed_time":23.44356742,"remaining_time":30.20303995},
{"learn":[5.754174685e-06],"iteration":437,"passed_time":23.49699417,"remaining_time":30.14911125},
{"learn":[5.736292647e-06],"iteration":438,"passed_time":23.55498163,"remaining_time":30.10101297},
{"learn":[5.725931659e-06],"iteration":439,"passed_time":23.61012608,"remaining_time":30.04925138},
{"learn":[5.705777095e-06],"iteration":440,"passed_time":23.66310169,"remaining_time":29.99472528},
{"learn":[5.690968113e-06],"iteration":441,"passed_time":23.71976263,"remaining_time":29.9448587},
{"learn":[5.672475568e-06],"iteration":442,"passed_time":23.77801263,"remaining_time":29.89695945},
{"learn":[5.665766795e-06],"iteration":443,"passed_time":23.8346385,"remaining_time":29.84697975},
{"learn":[5.661711148e-06],"iteration":444,"passed_time":23.89317062,"remaining_time":29.79934763},
{"learn":[5.651630253e-06],"iteration":445,"passed_time":23.95566489,"remaining_time":29.75658822},
{"learn":[5.631991308e-06],"iteration":446,"passed_time":24.01279745,"remaining_time":29.70710737},
{"learn":[5.598840331e-06],"iteration":447,"passed_time":24.06456501,"remaining_time":29.65098188},
{"learn":[5.581379985e-06],"iteration":448,"passed_time":24.11917483,"remaining_time":29.59836377},
{"learn":[5.577327672e-06],"iteration":449,"passed_time":24.17139932,"remaining_time":29.54282139},
{"learn":[5.567718999e-06],"iteration":450,"passed_time":24.22358098,"remaining_time":29.4872416},
{"learn":[5.542271456e-06],"iteration":451,"passed_time":24.27398243,"remaining_time":29.42951852},
{"learn":[5.518012242e-06],"iteration":452,"passed_time":24.323067,"remaining_time":29.37023764},
{"learn":[5.511148977e-06],"iteration":453,"passed_time":24.37478607,"remaining_time":29.31417003},
{"learn":[5.502932028e-06],"iteration":454,"passed_time":24.42922229,"remaining_time":29.26137615},
{"learn":[5.494761878e-06],"iteration":455,"passed_time":24.48043096,"remaining_time":29.20472465},
{"learn":[5.485452685e-06],"iteration":456,"passed_time":24.5300007,"remaining_time":29.14614963},
{"learn":[5.466783378e-06],"iteration":457,"passed_time":24.583914,"remaining_time":29.09275413},
{"learn":[5.463021384e-06],"iteration":458,"passed_time":24.63740764,"remaining_time":29.03886173},
{"learn":[5.459298783e-06],"iteration":459,"passed_time":24.6886677,"remaining_time":28.98234904},
{"learn":[5.453093105e-06],"iteration":460,"passed_time":24.73824731,"remaining_time":28.92389436},
{"learn":[5.449439398e-06],"iteration":461,"passed_time":24.78943196,"remaining_time":28.86734717},
{"learn":[5.445819506e-06],"iteration":462,"passed_time":24.84116723,"remaining_time":28.81146178},
{"learn":[5.436625242e-06],"iteration":463,"passed_time":24.89304335,"remaining_time":28.75575698},
{"learn":[5.429317459e-06],"iteration":464,"passed_time":24.94674287,"remaining_time":28.70216652},
{"learn":[5.41173802e-06],"iteration":465,"passed_time":25.0025989,"remaining_time":28.65104681},
{"learn":[5.39472578e-06],"iteration":466,"passed_time":25.0554673,"remaining_time":28.59649694},
{"learn":[5.386164039e-06],"iteration":467,"passed_time":25.10560547,"remaining_time":28.53885066},
{"learn":[5.367725624e-06],"iteration":468,"passed_time":25.1550102,"remaining_time":28.48040601},
{"learn":[5.362283905e-06],"iteration":469,"passed_time":25.20441663,"remaining_time":28.42200173},
{"learn":[5.353516817e-06],"iteration":470,"passed_time":25.25405991,"remaining_time":28.36390168},
{"learn":[5.344904655e-06],"iteration":471,"passed_time":25.30532459,"remaining_time":28.30765124},
{"learn":[5.331663023e-06],"iteration":472,"passed_time":25.35548454,"remaining_time":28.25019102},
{"learn":[5.31417031e-06],"iteration":473,"passed_time":25.40826973,"remaining_time":28.19567485},
{"learn":[5.305694065e-06],"iteration":474,"passed_time":25.45819281,"remaining_time":28.13800258},
{"learn":[5.289757066e-06],"iteration":475,"passed_time":25.50833366,"remaining_time":28.0806026},
{"learn":[5.273247959e-06],"iteration":476,"passed_time":25.56079542,"remaining_time":28.02577778},
{"learn":[5.266042339e-06],"iteration":477,"passed_time":25.6159299,"remaining_time":27.97388161},
{"learn":[5.257612504e-06],"iteration":478,"passed_time":25.66895387,"remaining_time":27.91967634},
{"learn":[5.240126203e-06],"iteration":479,"passed_time":25.72184055,"remaining_time":27.86532726},
{"learn":[5.236713993e-06],"iteration":480,"passed_time":25.77586816,"remaining_time":27.81221533},
{"learn":[5.23333622e-06],"iteration":481,"passed_time":25.82529937,"remaining_time":27.7541599},
{"learn":[5.229991473e-06],"iteration":482,"passed_time":25.87754417,"remaining_time":27.69915183},
{"learn":[5.213649642e-06],"iteration":483,"passed_time":25.93043386,"remaining_time":27.64484271},
{"learn":[5.197058086e-06],"iteration":484,"passed_time":25.98354333,"remaining_time":27.59077281},
{"learn":[5.18687422e-06],"iteration":485,"passed_time":26.03825441,"remaining_time":27.53840076},
{"learn":[5.16983434e-06],"iteration":486,"passed_time":26.0928898,"remaining_time":27.48593936},
{"learn":[5.161699263e-06],"iteration":487,"passed_time":26.14784703,"remaining_time":27.43380672},
{"learn":[5.149634321e-06],"iteration":488,"passed_time":26.20204759,"remaining_time":27.38087181},
{"learn":[5.14163864e-06],"iteration":489,"passed_time":26.25423718,"remaining_time":27.3258387},
{"learn":[5.133769289e-06],"iteration":490,"passed_time":26.30501905,"remaining_time":27.26935783},
{"learn":[5.112692958e-06],"iteration":491,"passed_time":26.35763466,"remaining_time":27.21479351},
{"learn":[5.097098379e-06],"iteration":492,"passed_time":26.41052376,"remaining_time":27.16051835},
{"learn":[5.089428799e-06],"iteration":493,"passed_time":26.46295132,"remaining_time":27.10577605},
{"learn":[5.078034996e-06],"iteration":494,"passed_time":26.51310956,"remaining_time":27.04872793},
{"learn":[5.063235677e-06],"iteration":495,"passed_time":26.56220744,"remaining_time":26.99063014},
{"learn":[5.057137045e-06],"iteration":496,"passed_time":26.61374939,"remaining_time":26.93504214},
{"learn":[5.052154751e-06],"iteration":497,"passed_time":26.66196333,"remaining_time":26.87611564},
{"learn":[5.044637448e-06],"iteration":498,"passed_time":26.71288964,"remaining_time":26.81995533},
{"learn":[5.037108305e-06],"iteration":499,"passed_time":26.76398769,"remaining_time":26.76398769},
{"learn":[5.029743261e-06],"iteration":500,"passed_time":26.82058901,"remaining_time":26.71352079},
{"learn":[5.022483488e-06],"iteration":501,"passed_time":26.87236385,"remaining_time":26.65824143},
{"learn":[5.010117719e-06],"iteration":502,"passed_time":26.92546214,"remaining_time":26.60428366},
{"learn":[4.996084818e-06],"iteration":503,"passed_time":26.98036797,"remaining_time":26.55210816},
{"learn":[4.988766676e-06],"iteration":504,"passed_time":27.0337946,"remaining_time":26.49847194},
{"learn":[4.981580064e-06],"iteration":505,"passed_time":27.08658691,"remaining_time":26.44421726},
{"learn":[4.976762269e-06],"iteration":506,"passed_time":27.13564767,"remaining_time":26.38633984},
{"learn":[4.969761762e-06],"iteration":507,"passed_time":27.1914635,"remaining_time":26.33503946},
{"learn":[4.962767831e-06],"iteration":508,"passed_time":27.24511436,"remaining_time":26.28163291},
{"learn":[4.955479086e-06],"iteration":509,"passed_time":27.29673525,"remaining_time":26.22627505},
{"learn":[4.948562989e-06],"iteration":510,"passed_time":27.34875019,"remaining_time":26.17130889},
{"learn":[4.945435233e-06],"iteration":511,"passed_time":27.4009775,"remaining_time":26.11655668},
{"learn":[4.940917296e-06],"iteration":512,"passed_time":27.45491943,"remaining_time":26.06344203},
{"learn":[4.926783208e-06],"iteration":513,"passed_time":27.51006704,"remaining_time":26.01146417},
{"learn":[4.911776135e-06],"iteration":514,"passed_time":27.56562394,"remaining_time":25.95985944},
{"learn":[4.896875447e-06],"iteration":515,"passed_time":27.61943198,"remaining_time":25.90659899},
{"learn":[4.891351783e-06],"iteration":516,"passed_time":27.67367991,"remaining_time":25.85374738},
{"learn":[4.88449921e-06],"iteration":517,"passed_time":27.72774968,"remaining_time":25.8007246},
{"learn":[4.869065819e-06],"iteration":518,"passed_time":27.78008118,"remaining_time":25.7460868},
{"learn":[4.862431983e-06],"iteration":519,"passed_time":27.83149451,"remaining_time":25.69061032},
{"learn":[4.85566886e-06],"iteration":520,"passed_time":27.88534301,"remaining_time":25.6373883},
{"learn":[4.852710489e-06],"iteration":521,"passed_time":27.94146787,"remaining_time":25.58624836},
{"learn":[4.83763422e-06],"iteration":522,"passed_time":28.00359157,"remaining_time":25.54056057},
{"learn":[4.832268687e-06],"iteration":523,"passed_time":28.05928942,"remaining_time":25.48897283},
{"learn":[4.825605805e-06],"iteration":524,"passed_time":28.11757454,"remaining_time":25.4397103},
{"learn":[4.819815536e-06],"iteration":525,"passed_time":28.17511136,"remaining_time":25.38973913},
{"learn":[4.80553536e-06],"iteration":526,"passed_time":28.23424575,"remaining_time":25.34117313},
{"learn":[4.790801198e-06],"iteration":527,"passed_time":28.29039318,"remaining_time":25.28989693},
{"learn":[4.784682119e-06],"iteration":528,"passed_time":28.34662947,"remaining_time":25.23868144},
{"learn":[4.781879377e-06],"iteration":529,"passed_time":28.40462292,"remaining_time":25.18900523},
{"learn":[4.771796308e-06],"iteration":530,"passed_time":28.46599985,"remaining_time":25.14228612},
{"learn":[4.766273433e-06],"iteration":531,"passed_time":28.52147183,"remaining_time":25.09031733},
{"learn":[4.75975021e-06],"iteration":532,"passed_time":28.58261862,"remaining_time":25.0433075},
{"learn":[4.748319651e-06],"iteration":533,"passed_time":28.64402126,"remaining_time":24.99646799},
{"learn":[4.74192469e-06],"iteration":534,"passed_time":28.70217047,"remaining_time":24.94674629},
{"learn":[4.723501025e-06],"iteration":535,"passed_time":28.76084221,"remaining_time":24.89744549},
{"learn":[4.717242285e-06],"iteration":536,"passed_time":28.81793735,"remaining_time":24.84675045},
{"learn":[4.698914644e-06],"iteration":537,"passed_time":28.86872947,"remaining_time":24.79061899},
{"learn":[4.688704002e-06],"iteration":538,"passed_time":28.92077636,"remaining_time":24.73558052},
{"learn":[4.682648908e-06],"iteration":539,"passed_time":28.97309002,"remaining_time":24.68078039},
{"learn":[4.676523754e-06],"iteration":540,"passed_time":29.02568476,"remaining_time":24.62622792},
{"learn":[4.671496143e-06],"iteration":541,"passed_time":29.07591396,"remaining_time":24.56968376},
{"learn":[4.657865146e-06],"iteration":542,"passed_time":29.12876696,"remaining_time":24.51537108},
{"learn":[4.651733425e-06],"iteration":543,"passed_time":29.17994439,"remaining_time":24.45965927},
{"learn":[4.635777574e-06],"iteration":544,"passed_time":29.23181433,"remaining_time":24.40454224},
{"learn":[4.62981486e-06],"iteration":545,"passed_time":29.28838298,"remaining_time":24.35334409},
{"learn":[4.623936238e-06],"iteration":546,"passed_time":29.33901238,"remaining_time":24.29720769},
{"learn":[4.606825985e-06],"iteration":547,"passed_time":29.39035041,"remaining_time":24.24167588},
{"learn":[4.594331713e-06],"iteration":548,"passed_time":29.44486345,"remaining_time":24.18876761},
{"learn":[4.588607813e-06],"iteration":549,"passed_time":29.4956657,"remaining_time":24.13281739},
{"learn":[4.58302441e-06],"iteration":550,"passed_time":29.54648261,"remaining_time":24.07689781},
{"learn":[4.566096831e-06],"iteration":551,"passed_time":29.59921772,"remaining_time":24.02255351},
{"learn":[4.552947209e-06],"iteration":552,"passed_time":29.65208694,"remaining_time":23.96832344},
{"learn":[4.547352108e-06],"iteration":553,"passed_time":29.70587762,"remaining_time":23.9148401},
{"learn":[4.544604531e-06],"iteration":554,"passed_time":29.75805523,"remaining_time":23.8600623},
{"learn":[4.541901147e-06],"iteration":555,"passed_time":29.81006499,"remaining_time":23.80515981},
{"learn":[4.537727672e-06],"iteration":556,"passed_time":29.86039069,"remaining_time":23.74892832},
{"learn":[4.532130776e-06],"iteration":557,"passed_time":29.91601146,"remaining_time":23.6969123},
{"learn":[4.526610796e-06],"iteration":558,"passed_time":29.96920912,"remaining_time":23.64297178},
{"learn":[4.513884553e-06],"iteration":559,"passed_time":30.02502698,"remaining_time":23.59109263},
{"learn":[4.508424351e-06],"iteration":560,"passed_time":30.07828741,"remaining_time":23.53719817},
{"learn":[4.505773168e-06],"iteration":561,"passed_time":30.13343533,"remaining_time":23.484777},
{"learn":[4.493878991e-06],"iteration":562,"passed_time":30.18966247,"remaining_time":23.43318384},
{"learn":[4.48118035e-06],"iteration":563,"passed_time":30.24653247,"remaining_time":23.3820712},
{"learn":[4.475807434e-06],"iteration":564,"passed_time":30.29955693,"remaining_time":23.32797746},
{"learn":[4.471747993e-06],"iteration":565,"passed_time":30.34872554,"remaining_time":23.27093089},
{"learn":[4.455893309e-06],"iteration":566,"passed_time":30.40372074,"remaining_time":23.21836169},
{"learn":[4.450635821e-06],"iteration":567,"passed_time":30.45498153,"remaining_time":23.1629437},
{"learn":[4.445343126e-06],"iteration":568,"passed_time":30.50697399,"remaining_time":23.10809453},
{"learn":[4.439158311e-06],"iteration":569,"passed_time":30.5586267,"remaining_time":23.05299909},
{"learn":[4.433927208e-06],"iteration":570,"passed_time":30.61390513,"remaining_time":23.00063975},
{"learn":[4.42995504e-06],"iteration":571,"passed_time":30.6617425,"remaining_time":22.94270243},
{"learn":[4.417559171e-06],"iteration":572,"passed_time":30.71504857,"remaining_time":22.88887563},
{"learn":[4.411711459e-06],"iteration":573,"passed_time":30.76785687,"remaining_time":22.83468123},
{"learn":[4.409253539e-06],"iteration":574,"passed_time":30.81924646,"remaining_time":22.77944303},
{"learn":[4.403756462e-06],"iteration":575,"passed_time":30.87070376,"remaining_time":22.72426805},
{"learn":[4.3890668e-06],"iteration":576,"passed_time":30.92304877,"remaining_time":22.66975672},
{"learn":[4.384493079e-06],"iteration":577,"passed_time":30.97474005,"remaining_time":22.6147756},
{"learn":[4.375391104e-06],"iteration":578,"passed_time":31.02771161,"remaining_time":22.56073676},
{"learn":[4.373055196e-06],"iteration":579,"passed_time":31.0794032,"remaining_time":22.50577473},
{"learn":[4.36157543e-06],"iteration":580,"passed_time":31.13188351,"remaining_time":22.45139275},
{"learn":[4.356359228e-06],"iteration":581,"passed_time":31.18417271,"remaining_time":22.39688005},
{"learn":[4.351211253e-06],"iteration":582,"passed_time":31.23730138,"remaining_time":22.34297543},
{"learn":[4.346128699e-06],"iteration":583,"passed_time":31.29039311,"remaining_time":22.28904714},
{"learn":[4.335066648e-06],"iteration":584,"passed_time":31.34145262,"remaining_time":22.23368006},
{"learn":[4.320064078e-06],"iteration":585,"passed_time":31.39284275,"remaining_time":22.17856126},
{"learn":[4.309387787e-06],"iteration":586,"passed_time":31.44761769,"remaining_time":22.12583664},
{"learn":[4.297629528e-06],"iteration":587,"passed_time":31.50136053,"remaining_time":22.07238187},
{"learn":[4.292256376e-06],"iteration":588,"passed_time":31.55184746,"remaining_time":22.01665417},
{"learn":[4.287226924e-06],"iteration":589,"passed_time":31.60524667,"remaining_time":21.96296803},
{"learn":[4.282283911e-06],"iteration":590,"passed_time":31.65986279,"remaining_time":21.91012501},
{"learn":[4.277792354e-06],"iteration":591,"passed_time":31.71160991,"remaining_time":21.85529872},
{"learn":[4.272886922e-06],"iteration":592,"passed_time":31.76333742,"remaining_time":21.80046936},
{"learn":[4.263966095e-06],"iteration":593,"passed_time":31.81736264,"remaining_time":21.74722093},
{"learn":[4.25261285e-06],"iteration":594,"passed_time":31.86922811,"remaining_time":21.6924998},
{"learn":[4.24773547e-06],"iteration":595,"passed_time":31.92234363,"remaining_time":21.63863561},
{"learn":[4.242914802e-06],"iteration":596,"passed_time":31.97524638,"remaining_time":21.58463031},
{"learn":[4.229553258e-06],"iteration":597,"passed_time":32.03080633,"remaining_time":21.53241496},
{"learn":[4.219003521e-06],"iteration":598,"passed_time":32.08519318,"remaining_time":21.47940311},
{"learn":[4.214604369e-06],"iteration":599,"passed_time":32.13718619,"remaining_time":21.42479079},
{"learn":[4.210345178e-06],"iteration":600,"passed_time":32.18914978,"remaining_time":21.37016766},
{"learn":[4.198862529e-06],"iteration":601,"passed_time":32.24414066,"remaining_time":21.31755479},
{"learn":[4.188445982e-06],"iteration":602,"passed_time":32.29876856,"remaining_time":21.26469506},
{"learn":[4.177225086e-06],"iteration":603,"passed_time":32.35660851,"remaining_time":21.21393538},
{"learn":[4.172573135e-06],"iteration":604,"passed_time":32.41412953,"remaining_time":21.16294407},
{"learn":[4.167881506e-06],"iteration":605,"passed_time":32.46909258,"remaining_time":21.11026811},
{"learn":[4.163246602e-06],"iteration":606,"passed_time":32.52243872,"remaining_time":21.05653776},
{"learn":[4.155757274e-06],"iteration":607,"passed_time":32.57444223,"remaining_time":21.00194301},
{"learn":[4.14112491e-06],"iteration":608,"passed_time":32.62964079,"remaining_time":20.94940813},
{"learn":[4.136590817e-06],"iteration":609,"passed_time":32.68588199,"remaining_time":20.89753111},
{"learn":[4.128373082e-06],"iteration":610,"passed_time":32.74503298,"remaining_time":20.84749236},
{"learn":[4.117656701e-06],"iteration":611,"passed_time":32.80213665,"remaining_time":20.79612585},
{"learn":[4.115429472e-06],"iteration":612,"passed_time":32.8530267,"remaining_time":20.74081783},
{"learn":[4.111183804e-06],"iteration":613,"passed_time":32.9062909,"remaining_time":20.68701675},
{"learn":[4.106690791e-06],"iteration":614,"passed_time":32.95825652,"remaining_time":20.63240449},
{"learn":[4.102249615e-06],"iteration":615,"passed_time":33.01094106,"remaining_time":20.57824897},
{"learn":[4.094395746e-06],"iteration":616,"passed_time":33.06169738,"remaining_time":20.52290129},
{"learn":[4.080369256e-06],"iteration":617,"passed_time":33.11355408,"remaining_time":20.46824864},
{"learn":[4.075904443e-06],"iteration":618,"passed_time":33.16460249,"remaining_time":20.41310751},
{"learn":[4.065593781e-06],"iteration":619,"passed_time":33.2172416,"remaining_time":20.35895453},
{"learn":[4.055489997e-06],"iteration":620,"passed_time":33.26925718,"remaining_time":20.30442588},
{"learn":[4.053287535e-06],"iteration":621,"passed_time":33.32030151,"remaining_time":20.24931506},
{"learn":[4.049720783e-06],"iteration":622,"passed_time":33.36969675,"remaining_time":20.19321938},
{"learn":[4.039805321e-06],"iteration":623,"passed_time":33.42182695,"remaining_time":20.13879316},
{"learn":[4.035536953e-06],"iteration":624,"passed_time":33.47631557,"remaining_time":20.08578934},
{"learn":[4.031237286e-06],"iteration":625,"passed_time":33.5280472,"remaining_time":20.03113363},
{"learn":[4.027421933e-06],"iteration":626,"passed_time":33.58117556,"remaining_time":19.97731815},
{"learn":[4.023192522e-06],"iteration":627,"passed_time":33.63242459,"remaining_time":19.92239164},
{"learn":[4.019738438e-06],"iteration":628,"passed_time":33.68189168,"remaining_time":19.86642578},
{"learn":[4.015500083e-06],"iteration":629,"passed_time":33.73506492,"remaining_time":19.81265717},
{"learn":[4.005771896e-06],"iteration":630,"passed_time":33.78721127,"remaining_time":19.75828995},
{"learn":[3.990851529e-06],"iteration":631,"passed_time":33.83728323,"remaining_time":19.70272188},
{"learn":[3.977723279e-06],"iteration":632,"passed_time":33.89068777,"remaining_time":19.64910333},
{"learn":[3.96506908e-06],"iteration":633,"passed_time":33.94121897,"remaining_time":19.59382672},
{"learn":[3.961004277e-06],"iteration":634,"passed_time":33.99347581,"remaining_time":19.53955696},
{"learn":[3.948908263e-06],"iteration":635,"passed_time":34.04520599,"remaining_time":19.48499211},
{"learn":[3.945550429e-06],"iteration":636,"passed_time":34.09336404,"remaining_time":19.42840054},
{"learn":[3.93598987e-06],"iteration":637,"passed_time":34.14386423,"remaining_time":19.37316435},
{"learn":[3.931834288e-06],"iteration":638,"passed_time":34.19551879,"remaining_time":19.31859512},
{"learn":[3.920324018e-06],"iteration":639,"passed_time":34.24816347,"remaining_time":19.26459195},
{"learn":[3.917015779e-06],"iteration":640,"passed_time":34.29662538,"remaining_time":19.20825041},
{"learn":[3.9047027e-06],"iteration":641,"passed_time":34.34886343,"remaining_time":19.15403911},
{"learn":[3.892253314e-06],"iteration":642,"passed_time":34.40722466,"remaining_time":19.1032336},
{"learn":[3.88407315e-06],"iteration":643,"passed_time":34.463686,"remaining_time":19.05135437},
{"learn":[3.871770748e-06],"iteration":644,"passed_time":34.52071314,"remaining_time":18.99977235},
{"learn":[3.867632453e-06],"iteration":645,"passed_time":34.57343585,"remaining_time":18.94581469},
{"learn":[3.863629983e-06],"iteration":646,"passed_time":34.62768593,"remaining_time":18.89269418},
{"learn":[3.860443128e-06],"iteration":647,"passed_time":34.6757299,"remaining_time":18.83619896},
{"learn":[3.85320091e-06],"iteration":648,"passed_time":34.72758708,"remaining_time":18.78179209},
{"learn":[3.850073063e-06],"iteration":649,"passed_time":34.7753561,"remaining_time":18.72519175},
{"learn":[3.841602275e-06],"iteration":650,"passed_time":34.82845085,"remaining_time":18.67147365},
{"learn":[3.830535249e-06],"iteration":651,"passed_time":34.8795558,"remaining_time":18.61669543},
{"learn":[3.826644255e-06],"iteration":652,"passed_time":34.9325508,"remaining_time":18.56293281},
{"learn":[3.823535285e-06],"iteration":653,"passed_time":34.98352841,"remaining_time":18.50810524},
{"learn":[3.818260862e-06],"iteration":654,"passed_time":35.03818674,"remaining_time":18.45522813},
{"learn":[3.811924654e-06],"iteration":655,"passed_time":35.09002477,"remaining_time":18.40086665},
{"learn":[3.805003176e-06],"iteration":656,"passed_time":35.14146424,"remaining_time":18.34630477},
{"learn":[3.796875368e-06],"iteration":657,"passed_time":35.19384581,"remaining_time":18.29224205},
{"learn":[3.785800883e-06],"iteration":658,"passed_time":35.24668832,"remaining_time":18.23842294},
{"learn":[3.782762362e-06],"iteration":659,"passed_time":35.29489455,"remaining_time":18.18221841},
{"learn":[3.778902047e-06],"iteration":660,"passed_time":35.34843974,"remaining_time":18.1287762},
{"learn":[3.768141671e-06],"iteration":661,"passed_time":35.40067725,"remaining_time":18.07466603},
{"learn":[3.764364824e-06],"iteration":662,"passed_time":35.45304223,"remaining_time":18.02062629},
{"learn":[3.761387115e-06],"iteration":663,"passed_time":35.501377,"remaining_time":17.96455222},
{"learn":[3.758438404e-06],"iteration":664,"passed_time":35.55039547,"remaining_time":17.90884584},
{"learn":[3.75551788e-06],"iteration":665,"passed_time":35.60012573,"remaining_time":17.85351651},
{"learn":[3.744104318e-06],"iteration":666,"passed_time":35.65162086,"remaining_time":17.79908508},
{"learn":[3.740409678e-06],"iteration":667,"passed_time":35.70185156,"remaining_time":17.74403401},
{"learn":[3.73669897e-06],"iteration":668,"passed_time":35.75137229,"remaining_time":17.68864608},
{"learn":[3.729909588e-06],"iteration":669,"passed_time":35.80508633,"remaining_time":17.63534103},
{"learn":[3.727015955e-06],"iteration":670,"passed_time":35.85506141,"remaining_time":17.5802015},
{"learn":[3.720011657e-06],"iteration":671,"passed_time":35.90863555,"remaining_time":17.52683402},
{"learn":[3.717127318e-06],"iteration":672,"passed_time":35.96078268,"remaining_time":17.47277257},
{"learn":[3.714270479e-06],"iteration":673,"passed_time":36.01241611,"remaining_time":17.41846833},
{"learn":[3.710538787e-06],"iteration":674,"passed_time":36.06634861,"remaining_time":17.36527896},
{"learn":[3.706930904e-06],"iteration":675,"passed_time":36.11929945,"remaining_time":17.3116169},
{"learn":[3.704136885e-06],"iteration":676,"passed_time":36.16958194,"remaining_time":17.25668385},
{"learn":[3.701367389e-06],"iteration":677,"passed_time":36.22134413,"remaining_time":17.20246727},
{"learn":[3.691259641e-06],"iteration":678,"passed_time":36.27368267,"remaining_time":17.14853039},
{"learn":[3.687643113e-06],"iteration":679,"passed_time":36.32625847,"remaining_time":17.09470987},
{"learn":[3.684922616e-06],"iteration":680,"passed_time":36.3745864,"remaining_time":17.03890317},
{"learn":[3.681397682e-06],"iteration":681,"passed_time":36.42939203,"remaining_time":16.98613881},
{"learn":[3.673078415e-06],"iteration":682,"passed_time":36.4809573,"remaining_time":16.93186451},
{"learn":[3.670387488e-06],"iteration":683,"passed_time":36.52893715,"remaining_time":16.87594173},
{"learn":[3.667719455e-06],"iteration":684,"passed_time":36.57805055,"remaining_time":16.82056339},
{"learn":[3.657957999e-06],"iteration":685,"passed_time":36.63051521,"remaining_time":16.76673728},
{"learn":[3.647073493e-06],"iteration":686,"passed_time":36.68239343,"remaining_time":16.71264795},
{"learn":[3.642850736e-06],"iteration":687,"passed_time":36.73304901,"remaining_time":16.6580106},
{"learn":[3.632064959e-06],"iteration":688,"passed_time":36.78575224,"remaining_time":16.60430907},
{"learn":[3.628494379e-06],"iteration":689,"passed_time":36.83684661,"remaining_time":16.54988761},
{"learn":[3.624998067e-06],"iteration":690,"passed_time":36.88728128,"remaining_time":16.49518077},
{"learn":[3.622381244e-06],"iteration":691,"passed_time":36.93564854,"remaining_time":16.43956611},
{"learn":[3.618923474e-06],"iteration":692,"passed_time":36.9881738,"remaining_time":16.38581437},
{"learn":[3.616350495e-06],"iteration":693,"passed_time":37.03794567,"remaining_time":16.33085212},
{"learn":[3.600911555e-06],"iteration":694,"passed_time":37.08785384,"remaining_time":16.27596464},
{"learn":[3.598384993e-06],"iteration":695,"passed_time":37.137397,"remaining_time":16.22093202},
{"learn":[3.595108393e-06],"iteration":696,"passed_time":37.19068391,"remaining_time":16.16754265},
{"learn":[3.592619063e-06],"iteration":697,"passed_time":37.24282925,"remaining_time":16.11365964},
{"learn":[3.582063328e-06],"iteration":698,"passed_time":37.29254556,"remaining_time":16.05873564},
{"learn":[3.578900675e-06],"iteration":699,"passed_time":37.34573293,"remaining_time":16.00531411},
{"learn":[3.575421625e-06],"iteration":700,"passed_time":37.39973348,"remaining_time":15.9522401},
{"learn":[3.569731775e-06],"iteration":701,"passed_time":37.45092245,"remaining_time":15.89796993},
{"learn":[3.563568048e-06],"iteration":702,"passed_time":37.50347668,"remaining_time":15.84428531},
{"learn":[3.56050227e-06],"iteration":703,"passed_time":37.55505075,"remaining_time":15.79019179},
{"learn":[3.557512725e-06],"iteration":704,"passed_time":37.60737936,"remaining_time":15.73642115},
{"learn":[3.55289048e-06],"iteration":705,"passed_time":37.65863745,"remaining_time":15.6822088},
{"learn":[3.544901248e-06],"iteration":706,"passed_time":37.7105251,"remaining_time":15.62826571},
{"learn":[3.541957778e-06],"iteration":707,"passed_time":37.76244965,"remaining_time":15.57434364},
{"learn":[3.538519566e-06],"iteration":708,"passed_time":37.81863031,"remaining_time":15.52217407},
{"learn":[3.535121818e-06],"iteration":709,"passed_time":37.87395172,"remaining_time":15.46964225},
{"learn":[3.532216976e-06],"iteration":710,"passed_time":37.92720338,"remaining_time":15.41626129},
{"learn":[3.529379997e-06],"iteration":711,"passed_time":37.98261775,"remaining_time":15.36375549},
{"learn":[3.524899702e-06],"iteration":712,"passed_time":38.0345114,"remaining_time":15.30982437},
{"learn":[3.520193131e-06],"iteration":713,"passed_time":38.08680424,"remaining_time":15.25605884},
{"learn":[3.513620417e-06],"iteration":714,"passed_time":38.13869395,"remaining_time":15.20213675},
{"learn":[3.509071166e-06],"iteration":715,"passed_time":38.19027102,"remaining_time":15.14809633},
{"learn":[3.506699896e-06],"iteration":716,"passed_time":38.23903061,"remaining_time":15.09295071},
{"learn":[3.497472004e-06],"iteration":717,"passed_time":38.29040275,"remaining_time":15.03884899},
{"learn":[3.488898111e-06],"iteration":718,"passed_time":38.34189189,"remaining_time":14.98480059},
{"learn":[3.485595468e-06],"iteration":719,"passed_time":38.39380591,"remaining_time":14.93092452},
{"learn":[3.471259481e-06],"iteration":720,"passed_time":38.44195135,"remaining_time":14.8755956},
{"learn":[3.468003568e-06],"iteration":721,"passed_time":38.49492184,"remaining_time":14.82214442},
{"learn":[3.465160241e-06],"iteration":722,"passed_time":38.54581469,"remaining_time":14.76789857},
{"learn":[3.461925492e-06],"iteration":723,"passed_time":38.59961767,"remaining_time":14.71477138},
{"learn":[3.458725705e-06],"iteration":724,"passed_time":38.65397615,"remaining_time":14.66185302},
{"learn":[3.454434641e-06],"iteration":725,"passed_time":38.70965336,"remaining_time":14.6094284},
{"learn":[3.452136019e-06],"iteration":726,"passed_time":38.7586532,"remaining_time":14.55448738},
{"learn":[3.449809214e-06],"iteration":727,"passed_time":38.80975471,"remaining_time":14.50034791},
{"learn":[3.446532001e-06],"iteration":728,"passed_time":38.86278528,"remaining_time":14.4469339},
{"learn":[3.438405501e-06],"iteration":729,"passed_time":38.91630917,"remaining_time":14.39370339},
{"learn":[3.435675168e-06],"iteration":730,"passed_time":38.96930282,"remaining_time":14.34027696},
{"learn":[3.433007437e-06],"iteration":731,"passed_time":39.02272728,"remaining_time":14.28700944},
{"learn":[3.4298293e-06],"iteration":732,"passed_time":39.07633766,"remaining_time":14.23380921},
{"learn":[3.427207104e-06],"iteration":733,"passed_time":39.13117052,"remaining_time":14.1810509},
{"learn":[3.424051651e-06],"iteration":734,"passed_time":39.18516856,"remaining_time":14.12798594},
{"learn":[3.421473207e-06],"iteration":735,"passed_time":39.23782358,"remaining_time":14.07443672},
{"learn":[3.418949544e-06],"iteration":736,"passed_time":39.28933049,"remaining_time":14.02048022},
{"learn":[3.416239749e-06],"iteration":737,"passed_time":39.34111646,"remaining_time":13.96662942},
{"learn":[3.413075279e-06],"iteration":738,"passed_time":39.39404363,"remaining_time":13.91318726},
{"learn":[3.410121835e-06],"iteration":739,"passed_time":39.44600269,"remaining_time":13.85940635},
{"learn":[3.407671378e-06],"iteration":740,"passed_time":39.49690865,"remaining_time":13.80526227},
{"learn":[3.404545711e-06],"iteration":741,"passed_time":39.54742567,"remaining_time":13.75099168},
{"learn":[3.40236108e-06],"iteration":742,"passed_time":39.59746962,"remaining_time":13.69656755},
{"learn":[3.399452154e-06],"iteration":743,"passed_time":39.64844789,"remaining_time":13.64247669},
{"learn":[3.384976443e-06],"iteration":744,"passed_time":39.69824772,"remaining_time":13.58799083},
{"learn":[3.376498088e-06],"iteration":745,"passed_time":39.74917911,"remaining_time":13.53390281},
{"learn":[3.369934986e-06],"iteration":746,"passed_time":39.80107445,"remaining_time":13.48014971},
{"learn":[3.363851889e-06],"iteration":747,"passed_time":39.85323971,"remaining_time":13.42649252},
{"learn":[3.361352535e-06],"iteration":748,"passed_time":39.90716125,"remaining_time":13.37342787},
{"learn":[3.355851691e-06],"iteration":749,"passed_time":39.96094791,"remaining_time":13.32031597},
{"learn":[3.354416345e-06],"iteration":750,"passed_time":40.01595319,"remaining_time":13.26760632},
{"learn":[3.351992957e-06],"iteration":751,"passed_time":40.07422372,"remaining_time":13.2159674},
{"learn":[3.34900871e-06],"iteration":752,"passed_time":40.12617084,"remaining_time":13.16223665},
{"learn":[3.346731118e-06],"iteration":753,"passed_time":40.18036973,"remaining_time":13.1092453},
{"learn":[3.345322698e-06],"iteration":754,"passed_time":40.23847295,"remaining_time":13.05751771},
{"learn":[3.343922893e-06],"iteration":755,"passed_time":40.29373999,"remaining_time":13.00485788},
{"learn":[3.341093967e-06],"iteration":756,"passed_time":40.34701953,"remaining_time":12.95155317},
{"learn":[3.332231329e-06],"iteration":757,"passed_time":40.39967784,"remaining_time":12.89805018},
{"learn":[3.330156675e-06],"iteration":758,"passed_time":40.44993566,"remaining_time":12.84378721},
{"learn":[3.328774236e-06],"iteration":759,"passed_time":40.504222,"remaining_time":12.79080695},
{"learn":[3.325857631e-06],"iteration":760,"passed_time":40.55627495,"remaining_time":12.73712183},
{"learn":[3.316470466e-06],"iteration":761,"passed_time":40.61388837,"remaining_time":12.68517773},
{"learn":[3.307970617e-06],"iteration":762,"passed_time":40.67499215,"remaining_time":12.63430294},
{"learn":[3.306595406e-06],"iteration":763,"passed_time":40.73329059,"remaining_time":12.58253479},
{"learn":[3.298357998e-06],"iteration":764,"passed_time":40.79271671,"remaining_time":12.53109598},
{"learn":[3.290151883e-06],"iteration":765,"passed_time":40.84670842,"remaining_time":12.4779762},
{"learn":[3.287445306e-06],"iteration":766,"passed_time":40.89817798,"remaining_time":12.42408796},
{"learn":[3.284269236e-06],"iteration":767,"passed_time":40.95026495,"remaining_time":12.37039254},
{"learn":[3.28120963e-06],"iteration":768,"passed_time":41.00210732,"remaining_time":12.31662782},
{"learn":[3.279908165e-06],"iteration":769,"passed_time":41.05452323,"remaining_time":12.26303941},
{"learn":[3.271848762e-06],"iteration":770,"passed_time":41.10446518,"remaining_time":12.20871923},
{"learn":[3.269528997e-06],"iteration":771,"passed_time":41.15694957,"remaining_time":12.15516127},
{"learn":[3.263432357e-06],"iteration":772,"passed_time":41.21001212,"remaining_time":12.10177588},
{"learn":[3.261466668e-06],"iteration":773,"passed_time":41.2641702,"remaining_time":12.04871119},
{"learn":[3.259192027e-06],"iteration":774,"passed_time":41.31714464,"remaining_time":11.99530006},
{"learn":[3.256351516e-06],"iteration":775,"passed_time":41.36847198,"remaining_time":11.94141459},
{"learn":[3.255080897e-06],"iteration":776,"passed_time":41.41822369,"remaining_time":11.88708351},
{"learn":[3.247368246e-06],"iteration":777,"passed_time":41.46884723,"remaining_time":11.83301296},
{"learn":[3.237793145e-06],"iteration":778,"passed_time":41.52184503,"remaining_time":11.77962484},
{"learn":[3.231001017e-06],"iteration":779,"passed_time":41.57266154,"remaining_time":11.72562249},
{"learn":[3.226908395e-06],"iteration":780,"passed_time":41.62365573,"remaining_time":11.67167811},
{"learn":[3.218139094e-06],"iteration":781,"passed_time":41.67552661,"remaining_time":11.61798568},
{"learn":[3.216190313e-06],"iteration":782,"passed_time":41.72319325,"remaining_time":11.56313274},
{"learn":[3.207321769e-06],"iteration":783,"passed_time":41.77531885,"remaining_time":11.50952662},
{"learn":[3.196968941e-06],"iteration":784,"passed_time":41.82650991,"remaining_time":11.45566832},
{"learn":[3.194281764e-06],"iteration":785,"passed_time":41.87979531,"remaining_time":11.40238702},
{"learn":[3.185704333e-06],"iteration":786,"passed_time":41.93328944,"remaining_time":11.3491622},
{"learn":[3.178556351e-06],"iteration":787,"passed_time":41.98925105,"remaining_time":11.29660054},
{"learn":[3.176179224e-06],"iteration":788,"passed_time":42.04209272,"remaining_time":11.2431959},
{"learn":[3.173859187e-06],"iteration":789,"passed_time":42.09589102,"remaining_time":11.19004698},
{"learn":[3.171592813e-06],"iteration":790,"passed_time":42.15218904,"remaining_time":11.1375569},
{"learn":[3.169376919e-06],"iteration":791,"passed_time":42.20936875,"remaining_time":11.08528876},
{"learn":[3.157476186e-06],"iteration":792,"passed_time":42.26650025,"remaining_time":11.03299565},
{"learn":[3.149984016e-06],"iteration":793,"passed_time":42.32494763,"remaining_time":10.98103175},
{"learn":[3.147355768e-06],"iteration":794,"passed_time":42.38330557,"remaining_time":10.92902848},
{"learn":[3.145468427e-06],"iteration":795,"passed_time":42.43514367,"remaining_time":10.87533833},
{"learn":[3.137150334e-06],"iteration":796,"passed_time":42.49136517,"remaining_time":10.8227693},
{"learn":[3.135872152e-06],"iteration":797,"passed_time":42.54333691,"remaining_time":10.76911536},
{"learn":[3.133352221e-06],"iteration":798,"passed_time":42.59904529,"remaining_time":10.71640563},
{"learn":[3.128451429e-06],"iteration":799,"passed_time":42.65414894,"remaining_time":10.66353724},
{"learn":[3.124933358e-06],"iteration":800,"passed_time":42.70645348,"remaining_time":10.60996784},
{"learn":[3.123702446e-06],"iteration":801,"passed_time":42.75849093,"remaining_time":10.55633567},
{"learn":[3.115732336e-06],"iteration":802,"passed_time":42.81040443,"remaining_time":10.50267705},
{"learn":[3.113188925e-06],"iteration":803,"passed_time":42.86220348,"remaining_time":10.44899488},
{"learn":[3.108442807e-06],"iteration":804,"passed_time":42.91488297,"remaining_time":10.39553066},
{"learn":[3.106595127e-06],"iteration":805,"passed_time":42.96269096,"remaining_time":10.34089584},
{"learn":[3.104758776e-06],"iteration":806,"passed_time":43.01494388,"remaining_time":10.28734098},
{"learn":[3.102933604e-06],"iteration":807,"passed_time":43.06433794,"remaining_time":10.23311001},
{"learn":[3.096562245e-06],"iteration":808,"passed_time":43.11500713,"remaining_time":10.17919204},
{"learn":[3.094015553e-06],"iteration":809,"passed_time":43.16644274,"remaining_time":10.12546188},
{"learn":[3.091523664e-06],"iteration":810,"passed_time":43.2187955,"remaining_time":10.07195111},
{"learn":[3.086092165e-06],"iteration":811,"passed_time":43.27120564,"remaining_time":10.01845648},
{"learn":[3.084885697e-06],"iteration":812,"passed_time":43.32307397,"remaining_time":9.964839891},
{"learn":[3.08238528e-06],"iteration":813,"passed_time":43.37768864,"remaining_time":9.911855144},
{"learn":[3.077071277e-06],"iteration":814,"passed_time":43.4305211,"remaining_time":9.858461844},
{"learn":[3.074608621e-06],"iteration":815,"passed_time":43.48403923,"remaining_time":9.805224533},
{"learn":[3.07281234e-06],"iteration":816,"passed_time":43.53786748,"remaining_time":9.752055997},
{"learn":[3.065018646e-06],"iteration":817,"passed_time":43.59269221,"remaining_time":9.699107558},
{"learn":[3.062891243e-06],"iteration":818,"passed_time":43.64634379,"remaining_time":9.645895269},
{"learn":[3.060451832e-06],"iteration":819,"passed_time":43.69871085,"remaining_time":9.592399942},
{"learn":[3.059253871e-06],"iteration":820,"passed_time":43.75075349,"remaining_time":9.538836631},
{"learn":[3.054085007e-06],"iteration":821,"passed_time":43.80488752,"remaining_time":9.485729902},
{"learn":[3.051677508e-06],"iteration":822,"passed_time":43.85811961,"remaining_time":9.432426697},
{"learn":[3.044613995e-06],"iteration":823,"passed_time":43.90988573,"remaining_time":9.378810545},
{"learn":[3.042829545e-06],"iteration":824,"passed_time":43.96102933,"remaining_time":9.325066827},
{"learn":[3.039429989e-06],"iteration":825,"passed_time":44.01333122,"remaining_time":9.271573404},
{"learn":[3.031844204e-06],"iteration":826,"passed_time":44.06446491,"remaining_time":9.217838488},
{"learn":[3.029488543e-06],"iteration":827,"passed_time":44.11875994,"remaining_time":9.164766558},
{"learn":[3.027327671e-06],"iteration":828,"passed_time":44.1797756,"remaining_time":9.113077958},
{"learn":[3.024982222e-06],"iteration":829,"passed_time":44.23102864,"remaining_time":9.059367312},
{"learn":[3.022118824e-06],"iteration":830,"passed_time":44.28186649,"remaining_time":9.005578143},
{"learn":[3.016128378e-06],"iteration":831,"passed_time":44.33327049,"remaining_time":8.951910388},
{"learn":[3.01379599e-06],"iteration":832,"passed_time":44.38476555,"remaining_time":8.898266322},
{"learn":[3.012615847e-06],"iteration":833,"passed_time":44.43680642,"remaining_time":8.844736051},
{"learn":[3.002767784e-06],"iteration":834,"passed_time":44.48905787,"remaining_time":8.791250956},
{"learn":[3.00070833e-06],"iteration":835,"passed_time":44.54094434,"remaining_time":8.737697215},
{"learn":[2.998694459e-06],"iteration":836,"passed_time":44.5940548,"remaining_time":8.684385821},
{"learn":[2.992181076e-06],"iteration":837,"passed_time":44.64700503,"remaining_time":8.631043932},
{"learn":[2.989703273e-06],"iteration":838,"passed_time":44.70017981,"remaining_time":8.577746065},
{"learn":[2.983084643e-06],"iteration":839,"passed_time":44.75253711,"remaining_time":8.524292783},
{"learn":[2.981113013e-06],"iteration":840,"passed_time":44.80565011,"remaining_time":8.470984979},
{"learn":[2.978781948e-06],"iteration":841,"passed_time":44.85647419,"remaining_time":8.417248126},
{"learn":[2.977648548e-06],"iteration":842,"passed_time":44.91145533,"remaining_time":8.364292393},
{"learn":[2.975335168e-06],"iteration":843,"passed_time":44.96161861,"remaining_time":8.310441354},
{"learn":[2.974207719e-06],"iteration":844,"passed_time":45.01635058,"remaining_time":8.25743709},
{"learn":[2.971911664e-06],"iteration":845,"passed_time":45.06966019,"remaining_time":8.204169822},
{"learn":[2.965706393e-06],"iteration":846,"passed_time":45.12348946,"remaining_time":8.150996325},
{"learn":[2.963779711e-06],"iteration":847,"passed_time":45.17742543,"remaining_time":8.097840408},
{"learn":[2.961492083e-06],"iteration":848,"passed_time":45.23166815,"remaining_time":8.044737209},
{"learn":[2.955707988e-06],"iteration":849,"passed_time":45.28378624,"remaining_time":7.991256395},
{"learn":[2.952588932e-06],"iteration":850,"passed_time":45.33769288,"remaining_time":7.938091939},
{"learn":[2.950321178e-06],"iteration":851,"passed_time":45.3918465,"remaining_time":7.884968641},
{"learn":[2.948448749e-06],"iteration":852,"passed_time":45.44542908,"remaining_time":7.831744519},
{"learn":[2.943362424e-06],"iteration":853,"passed_time":45.50356318,"remaining_time":7.779297687},
{"learn":[2.938675328e-06],"iteration":854,"passed_time":45.55684918,"remaining_time":7.726015358},
{"learn":[2.935619226e-06],"iteration":855,"passed_time":45.6113515,"remaining_time":7.672937636},
{"learn":[2.933411239e-06],"iteration":856,"passed_time":45.66403924,"remaining_time":7.619553806},
{"learn":[2.932323202e-06],"iteration":857,"passed_time":45.72146006,"remaining_time":7.566954929},
{"learn":[2.930136814e-06],"iteration":858,"passed_time":45.77937238,"remaining_time":7.514425501},
{"learn":[2.927917286e-06],"iteration":859,"passed_time":45.83581703,"remaining_time":7.461644633},
{"learn":[2.921724397e-06],"iteration":860,"passed_time":45.89372593,"remaining_time":7.409091643},
{"learn":[2.916793269e-06],"iteration":861,"passed_time":45.94921294,"remaining_time":7.356138498},
{"learn":[2.91110648e-06],"iteration":862,"passed_time":46.00672534,"remaining_time":7.30350101},
{"learn":[2.904503347e-06],"iteration":863,"passed_time":46.05981613,"remaining_time":7.250156243},
{"learn":[2.902651823e-06],"iteration":864,"passed_time":46.11489314,"remaining_time":7.197122051},
{"learn":[2.900838426e-06],"iteration":865,"passed_time":46.16759179,"remaining_time":7.143715126},
{"learn":[2.895248894e-06],"iteration":866,"passed_time":46.21875384,"remaining_time":7.090074118},
{"learn":[2.893077586e-06],"iteration":867,"passed_time":46.26863838,"remaining_time":7.036244546},
{"learn":[2.888811161e-06],"iteration":868,"passed_time":46.32115629,"remaining_time":6.982821029},
{"learn":[2.887742219e-06],"iteration":869,"passed_time":46.37608414,"remaining_time":6.9297597},
{"learn":[2.885586968e-06],"iteration":870,"passed_time":46.43143781,"remaining_time":6.87675715},
{"learn":[2.883450531e-06],"iteration":871,"passed_time":46.48924877,"remaining_time":6.824109911},
{"learn":[2.881351519e-06],"iteration":872,"passed_time":46.5487569,"remaining_time":6.771697739},
{"learn":[2.879739671e-06],"iteration":873,"passed_time":46.60480615,"remaining_time":6.71877068},
{"learn":[2.870998754e-06],"iteration":874,"passed_time":46.6541146,"remaining_time":6.664873515},
{"learn":[2.869942498e-06],"iteration":875,"passed_time":46.70648988,"remaining_time":6.611420942},
{"learn":[2.868354482e-06],"iteration":876,"passed_time":46.75444115,"remaining_time":6.557350355},
{"learn":[2.86624246e-06],"iteration":877,"passed_time":46.80542686,"remaining_time":6.503715349},
{"learn":[2.864462311e-06],"iteration":878,"passed_time":46.85557099,"remaining_time":6.449970524},
{"learn":[2.863422e-06],"iteration":879,"passed_time":46.90608835,"remaining_time":6.396284775},
{"learn":[2.861381457e-06],"iteration":880,"passed_time":46.95923198,"remaining_time":6.342960959},
{"learn":[2.859284907e-06],"iteration":881,"passed_time":47.01137341,"remaining_time":6.289503472},
{"learn":[2.857541602e-06],"iteration":882,"passed_time":47.06211775,"remaining_time":6.235863847},
{"learn":[2.855982857e-06],"iteration":883,"passed_time":47.10995144,"remaining_time":6.181848832},
{"learn":[2.853898516e-06],"iteration":884,"passed_time":47.16156484,"remaining_time":6.128338935},
{"learn":[2.851893188e-06],"iteration":885,"passed_time":47.21555687,"remaining_time":6.075139372},
{"learn":[2.84856082e-06],"iteration":886,"passed_time":47.26923185,"remaining_time":6.021897631},
{"learn":[2.847005963e-06],"iteration":887,"passed_time":47.32103749,"remaining_time":5.968419143},
{"learn":[2.845978523e-06],"iteration":888,"passed_time":47.37676776,"remaining_time":5.915434444},
{"learn":[2.843920199e-06],"iteration":889,"passed_time":47.4315119,"remaining_time":5.862321696},
{"learn":[2.838777888e-06],"iteration":890,"passed_time":47.48411092,"remaining_time":5.808942862},
{"learn":[2.837069112e-06],"iteration":891,"passed_time":47.53457458,"remaining_time":5.755307237},
{"learn":[2.835392723e-06],"iteration":892,"passed_time":47.58715516,"remaining_time":5.701932365},
{"learn":[2.833337538e-06],"iteration":893,"passed_time":47.63926072,"remaining_time":5.648502949},
{"learn":[2.831300962e-06],"iteration":894,"passed_time":47.6900387,"remaining_time":5.594920741},
{"learn":[2.830289949e-06],"iteration":895,"passed_time":47.74134996,"remaining_time":5.541406691},
{"learn":[2.826474085e-06],"iteration":896,"passed_time":47.79284448,"remaining_time":5.487918597},
{"learn":[2.821687523e-06],"iteration":897,"passed_time":47.84641441,"remaining_time":5.434670679},
{"learn":[2.819685622e-06],"iteration":898,"passed_time":47.90161077,"remaining_time":5.381604769},
{"learn":[2.817700627e-06],"iteration":899,"passed_time":47.95199898,"remaining_time":5.327999886},
{"learn":[2.816698717e-06],"iteration":900,"passed_time":48.00277046,"remaining_time":5.274444257},
{"learn":[2.814382354e-06],"iteration":901,"passed_time":48.05373254,"remaining_time":5.220915509},
{"learn":[2.807845669e-06],"iteration":902,"passed_time":48.1050376,"remaining_time":5.167429288},
{"learn":[2.803257107e-06],"iteration":903,"passed_time":48.1580911,"remaining_time":5.114133568},
{"learn":[2.801756461e-06],"iteration":904,"passed_time":48.20983586,"remaining_time":5.060701001},
{"learn":[2.799802819e-06],"iteration":905,"passed_time":48.26335723,"remaining_time":5.00745649},
{"learn":[2.797650407e-06],"iteration":906,"passed_time":48.3138426,"remaining_time":4.953900068},
{"learn":[2.795713847e-06],"iteration":907,"passed_time":48.36544561,"remaining_time":4.900463652},
{"learn":[2.785717815e-06],"iteration":908,"passed_time":48.41558432,"remaining_time":4.846884679},
{"learn":[2.781835572e-06],"iteration":909,"passed_time":48.46609351,"remaining_time":4.793349907},
{"learn":[2.780348295e-06],"iteration":910,"passed_time":48.51270468,"remaining_time":4.739440962},
{"learn":[2.775888793e-06],"iteration":911,"passed_time":48.56369295,"remaining_time":4.685970373},
{"learn":[2.773994168e-06],"iteration":912,"passed_time":48.61914915,"remaining_time":4.63293097},
{"learn":[2.772309288e-06],"iteration":913,"passed_time":48.67264445,"remaining_time":4.579701775},
{"learn":[2.768007281e-06],"iteration":914,"passed_time":48.7254698,"remaining_time":4.526409763},
{"learn":[2.766121322e-06],"iteration":915,"passed_time":48.77753884,"remaining_time":4.473049413},
{"learn":[2.761745201e-06],"iteration":916,"passed_time":48.82894615,"remaining_time":4.419631985},
{"learn":[2.75946068e-06],"iteration":917,"passed_time":48.87982232,"remaining_time":4.366171493},
{"learn":[2.755087157e-06],"iteration":918,"passed_time":48.93498142,"remaining_time":4.313094119},
{"learn":[2.753649814e-06],"iteration":919,"passed_time":48.98417011,"remaining_time":4.259493053},
{"learn":[2.749776499e-06],"iteration":920,"passed_time":49.03630177,"remaining_time":4.206154006},
{"learn":[2.74766063e-06],"iteration":921,"passed_time":49.08568376,"remaining_time":4.15258496},
{"learn":[2.742543562e-06],"iteration":922,"passed_time":49.13831686,"remaining_time":4.099296206},
{"learn":[2.737098267e-06],"iteration":923,"passed_time":49.18922082,"remaining_time":4.045866648},
{"learn":[2.735237957e-06],"iteration":924,"passed_time":49.24014653,"remaining_time":3.992444314},
{"learn":[2.730292353e-06],"iteration":925,"passed_time":49.29390421,"remaining_time":3.939253684},
{"learn":[2.72844674e-06],"iteration":926,"passed_time":49.34619354,"remaining_time":3.885946201},
{"learn":[2.724979232e-06],"iteration":927,"passed_time":49.40075224,"remaining_time":3.832816984},
{"learn":[2.720723814e-06],"iteration":928,"passed_time":49.45267819,"remaining_time":3.779483478},
{"learn":[2.719098538e-06],"iteration":929,"passed_time":49.50612155,"remaining_time":3.726267214},
{"learn":[2.717274474e-06],"iteration":930,"passed_time":49.55983476,"remaining_time":3.67307046},
{"learn":[2.716338879e-06],"iteration":931,"passed_time":49.6137358,"remaining_time":3.619886303},
{"learn":[2.712977468e-06],"iteration":932,"passed_time":49.66558594,"remaining_time":3.566553331},
{"learn":[2.711579434e-06],"iteration":933,"passed_time":49.71555803,"remaining_time":3.513090824},
{"learn":[2.701522213e-06],"iteration":934,"passed_time":49.76659123,"remaining_time":3.459709551},
{"learn":[2.69533487e-06],"iteration":935,"passed_time":49.81873507,"remaining_time":3.406409236},
{"learn":[2.691194727e-06],"iteration":936,"passed_time":49.8765506,"remaining_time":3.35349273},
{"learn":[2.687124821e-06],"iteration":937,"passed_time":49.93046539,"remaining_time":3.300307947},
{"learn":[2.685347588e-06],"iteration":938,"passed_time":49.9832471,"remaining_time":3.247048001},
{"learn":[2.683734462e-06],"iteration":939,"passed_time":50.03861511,"remaining_time":3.193954156},
{"learn":[2.680135099e-06],"iteration":940,"passed_time":50.09465476,"remaining_time":3.140897588},
{"learn":[2.678563335e-06],"iteration":941,"passed_time":50.15213799,"remaining_time":3.08792357},
{"learn":[2.672614328e-06],"iteration":942,"passed_time":50.20318684,"remaining_time":3.03455106},
{"learn":[2.667426932e-06],"iteration":943,"passed_time":50.25320422,"remaining_time":2.981122284},
{"learn":[2.665859443e-06],"iteration":944,"passed_time":50.30433885,"remaining_time":2.927765753},
{"learn":[2.663229074e-06],"iteration":945,"passed_time":50.35576412,"remaining_time":2.87443051},
{"learn":[2.661528509e-06],"iteration":946,"passed_time":50.40806133,"remaining_time":2.8211481},
{"learn":[2.660646694e-06],"iteration":947,"passed_time":50.4587261,"remaining_time":2.767778225},
{"learn":[2.657469645e-06],"iteration":948,"passed_time":50.50972421,"remaining_time":2.714431965},
{"learn":[2.655703666e-06],"iteration":949,"passed_time":50.56115191,"remaining_time":2.661113259},
{"learn":[2.653714848e-06],"iteration":950,"passed_time":50.61156669,"remaining_time":2.607746338},
{"learn":[2.648713525e-06],"iteration":951,"passed_time":50.66606244,"remaining_time":2.554591384},
{"learn":[2.647214139e-06],"iteration":952,"passed_time":50.72023379,"remaining_time":2.501417616},
{"learn":[2.645900893e-06],"iteration":953,"passed_time":50.76971,"remaining_time":2.448015367},
{"learn":[2.641167992e-06],"iteration":954,"passed_time":50.82190295,"remaining_time":2.394749354},
{"learn":[2.631803974e-06],"iteration":955,"passed_time":50.87432279,"remaining_time":2.341496028},
{"learn":[2.630363491e-06],"iteration":956,"passed_time":50.93200299,"remaining_time":2.288480803},
{"learn":[2.629513175e-06],"iteration":957,"passed_time":50.98949339,"remaining_time":2.235447518},
{"learn":[2.627585437e-06],"iteration":958,"passed_time":51.04073812,"remaining_time":2.182137918},
{"learn":[2.623530758e-06],"iteration":959,"passed_time":51.09304383,"remaining_time":2.128876826},
{"learn":[2.621781043e-06],"iteration":960,"passed_time":51.1446729,"remaining_time":2.075590264},
{"learn":[2.617807737e-06],"iteration":961,"passed_time":51.19622068,"remaining_time":2.022303936},
{"learn":[2.616064221e-06],"iteration":962,"passed_time":51.2477866,"remaining_time":1.969021915},
{"learn":[2.614776849e-06],"iteration":963,"passed_time":51.29669696,"remaining_time":1.915644285},
{"learn":[2.613365298e-06],"iteration":964,"passed_time":51.34838968,"remaining_time":1.862376828},
{"learn":[2.612087855e-06],"iteration":965,"passed_time":51.3966529,"remaining_time":1.808991924},
{"learn":[2.606417522e-06],"iteration":966,"passed_time":51.4484306,"remaining_time":1.755737549},
{"learn":[2.605143675e-06],"iteration":967,"passed_time":51.4964399,"remaining_time":1.70236165},
{"learn":[2.602073007e-06],"iteration":968,"passed_time":51.54868836,"remaining_time":1.649132445},
{"learn":[2.599240207e-06],"iteration":969,"passed_time":51.60732467,"remaining_time":1.596102825},
{"learn":[2.597532532e-06],"iteration":970,"passed_time":51.65893746,"remaining_time":1.542851891},
{"learn":[2.592156707e-06],"iteration":971,"passed_time":51.71028866,"remaining_time":1.489596793},
{"learn":[2.586636881e-06],"iteration":972,"passed_time":51.76243357,"remaining_time":1.436367632},
{"learn":[2.584954792e-06],"iteration":973,"passed_time":51.81452612,"remaining_time":1.383139301},
{"learn":[2.583246435e-06],"iteration":974,"passed_time":51.86592435,"remaining_time":1.329895496},
{"learn":[2.578949589e-06],"iteration":975,"passed_time":51.91769639,"remaining_time":1.276664665},
{"learn":[2.577550217e-06],"iteration":976,"passed_time":51.9690948,"remaining_time":1.223428025},
{"learn":[2.576724227e-06],"iteration":977,"passed_time":52.02166974,"remaining_time":1.17022161},
{"learn":[2.574422828e-06],"iteration":978,"passed_time":52.07411858,"remaining_time":1.11701378},
{"learn":[2.573170851e-06],"iteration":979,"passed_time":52.12513748,"remaining_time":1.063778316},
{"learn":[2.566000832e-06],"iteration":980,"passed_time":52.17823349,"remaining_time":1.010587601},
{"learn":[2.564335714e-06],"iteration":981,"passed_time":52.2308028,"remaining_time":0.957387424},
{"learn":[2.563525991e-06],"iteration":982,"passed_time":52.28232672,"remaining_time":0.9041704519},
{"learn":[2.561874272e-06],"iteration":983,"passed_time":52.33485491,"remaining_time":0.8509732505},
{"learn":[2.558642414e-06],"iteration":984,"passed_time":52.38610484,"remaining_time":0.7977579418},
{"learn":[2.555497686e-06],"iteration":985,"passed_time":52.43776866,"remaining_time":0.7445524962},
{"learn":[2.554692421e-06],"iteration":986,"passed_time":52.49031373,"remaining_time":0.6913617817},
{"learn":[2.550849051e-06],"iteration":987,"passed_time":52.54352875,"remaining_time":0.6381805112},
{"learn":[2.546368531e-06],"iteration":988,"passed_time":52.59649623,"remaining_time":0.5849964192},
{"learn":[2.544739893e-06],"iteration":989,"passed_time":52.64925729,"remaining_time":0.5318106797},
{"learn":[2.542769673e-06],"iteration":990,"passed_time":52.70085373,"remaining_time":0.4786152205},
{"learn":[2.539870473e-06],"iteration":991,"passed_time":52.7522281,"remaining_time":0.4254211944},
{"learn":[2.535404413e-06],"iteration":992,"passed_time":52.80327,"remaining_time":0.3722284895},
{"learn":[2.533560201e-06],"iteration":993,"passed_time":52.85331045,"remaining_time":0.3190340671},
{"learn":[2.531879342e-06],"iteration":994,"passed_time":52.90480444,"remaining_time":0.2658532887},
{"learn":[2.530254445e-06],"iteration":995,"passed_time":52.95510843,"remaining_time":0.2126711182},
{"learn":[2.525857021e-06],"iteration":996,"passed_time":53.00867372,"remaining_time":0.1595045348},
{"learn":[2.524111309e-06],"iteration":997,"passed_time":53.05976652,"remaining_time":0.1063321974},
{"learn":[2.522765596e-06],"iteration":998,"passed_time":53.11725613,"remaining_time":0.05317042656},
{"learn":[2.519005982e-06],"iteration":999,"passed_time":53.1703255,"remaining_time":0}
]}